,tickers,caps
0,AA,6.62B
1,AACC,
2,AAI,
3,AAII,
4,AAME,79.62M
5,AAN,1.92B
6,AAON,1.81B
7,AAP,11.90B
8,AAPL,712.06B
9,AATI,
10,AAWW,1.34B
11,AB,2.34B
12,ABAT,
13,ABAX,1.12B
14,ABBC,
15,ABC,19.72B
16,ABCB,1.70B
17,ABCO,1.85B
18,ABCW,
19,ABD,
20,ABDS,
21,ABFS,
22,ABG,1.50B
23,ABH.Z,
24,ABII,
25,ABIO,23.16M
26,ABK,
27,ABL,
28,ABM,2.24B
29,ABMC,3.84M
30,ABMD,5.06B
31,ABR,376.26M
32,ABT,65.80B
33,ABTL,143.16M
34,ABVA,
35,ACAD,4.76B
36,ACAP,
37,ACAT,242.28M
38,ACC,6.55B
39,ACCL,
40,ACET,472.92M
41,ACF,
42,ACFC,117.78M
43,ACFN,10.56M
44,ACGL,11.39B
45,ACHN,583.62M
46,ACI,
47,ACIW,2.33B
48,ACLI,
49,ACLS,466.37M
50,ACM,5.86B
51,ACMR,
52,ACO,
53,ACOR,1.15B
54,ACPW,
55,ACS.Z,
56,ACTG,297.73M
57,ACTI,
58,ACTL,69921.7
59,ACTU,
60,ACU,83.22M
61,ACUR,10.18M
62,ACV,
63,ACXM,2.28B
64,ACY,16.21M
65,ADAM,
66,ADAT,14.55M
67,ADBE,59.13B
68,ADC,1.15B
69,ADCT,
70,ADEP,
71,ADES,255.65M
72,ADG,
73,ADGF,
74,ADI,25.50B
75,ADK,28.29M
76,ADLR,
77,ADLS,2157.4
78,ADM,26.05B
79,ADMP,75.54M
80,ADP,44.75B
81,ADPI,
82,ADPT,123.13M
83,ADS,13.54B
84,ADSK,19.23B
85,ADTN,1.05B
86,ADUS,390.99M
87,ADVN.B,
88,ADVS,
89,AE,173.74M
90,AEA,
91,AEC,
92,AEE,12.95B
93,AEHR,68.40M
94,AEIS,2.44B
95,AEL,2.40B
96,AEN,
97,AEO,2.78B
98,AEP,31.52B
99,AEPI,
100,AERG,5.26M
101,AERO,94.07M
102,AERT,8.96M
103,AES,7.55B
104,AET,44.06B
105,AETI,15.42M
106,AEY,18.33M
107,AEZ,
108,AF,1.90B
109,AFAM,489.73M
110,AFCE,
111,AFFM,
112,AFFX,
113,AFFY,2.42M
114,AFG,8.12B
115,AFL,28.85B
116,AFOP,
117,AFP,
118,AFSI,4.66B
119,AGAM,
120,AGCO,5.11B
121,AGEN,392.94M
122,AGII,2.00B
123,AGL,
124,AGM,611.79M
125,AGN,92.78B
126,AGNC,
127,AGO,5.34B
128,AGP,
129,AGX,1.09B
130,AGYS,216.60M
131,AHC,139.81M
132,AHCI,
133,AHD,
134,AHGP,1.83B
135,AHII,9.98
136,AHL,3.39B
137,AHPI,8.99M
138,AHR,
139,AHS,
140,AHT,735.76M
141,AI,346.10M
142,AIG,62.21B
143,AIM,
144,AIMC,1.03B
145,AIN,1.52B
146,AIPC,
147,AIQ,110.04M
148,AIR,1.15B
149,AIRM,1.41B
150,AIRN,
151,AIRT,44.92M
152,AIRV,
153,AIS,
154,AIT,2.44B
155,AIV,7.03B
156,AIZ,5.38B
157,AJG,10.17B
158,AKAM,10.78B
159,AKNS,
160,AKR,2.66B
161,AKRX,2.73B
162,AKS,2.78B
163,ALAN,597840
164,ALB,10.34B
165,ALC,
166,ALCO,219.08M
167,ALDA,
168,ALE,3.33B
169,ALEX,2.20B
170,ALG,888.23M
171,ALGN,8.11B
172,ALGT,2.81B
173,ALJ,815.87M
174,ALK,11.91B
175,ALKS,8.32B
176,ALL,29.44B
177,ALLP,
178,ALNC,
179,ALNY,4.15B
180,ALOG,1.02B
181,ALOT,101.99M
182,ALOY,
183,ALSE,
184,ALSK,86.80M
185,ALTH,
186,ALTI,
187,ALTR,
188,ALTU,
189,ALX,2.23B
190,ALXA,
191,ALXN,28.93B
192,ALY,
193,AM,6.23B
194,AMAC,
195,AMAG,827.23M
196,AMAR,4.94M
197,AMAT,38.45B
198,AMB,
199,AMCC,
200,AMCS,
201,AMD,12.22B
202,AME,12.55B
203,AMED,1.61B
204,AMFI,
205,AMG,9.26B
206,AMGN,127.62B
207,AMIC,
208,AMIE,
209,AMIN,1.02M
210,AMKR,2.39B
211,AMLJ,
212,AMLN,
213,AMMD,
214,AMN,1.95B
215,AMNB,314.99M
216,AMOT,217.78M
217,AMP,19.97B
218,AMPH,846.82M
219,AMPL,
220,AMR,
221,AMRB,101.36M
222,AMRI,773.99M
223,AMS,22.81M
224,AMSC,94.13M
225,AMSF,1.25B
226,AMSG,
227,AMSW.A,
228,AMT,46.02B
229,AMTD,22.78B
230,AMTY,881545.06
231,AMWD,1.26B
232,AMZN,403.24B
233,AN,4.82B
234,ANAD,
235,ANAT,3.25B
236,ANCI,
237,ANCX,292.49M
238,ANDE,1.13B
239,ANDR,4.19M
240,ANDS,
241,ANEN,
242,ANF,825.62M
243,ANGN,
244,ANGO,603.41M
245,ANH,512.09M
246,ANIK,716.38M
247,ANLY,
248,ANN,
249,ANR,
250,ANSS,8.68B
251,ANSV,
252,ANSW,
253,ANTF,
254,ANTP,
255,ANV,
256,ANX,
257,AOI,122.15M
258,AOL,
259,AON,31.22B
260,AONE,
261,AOS,8.73B
262,AP,185.89M
263,APA,21.04B
264,APAB,
265,APAC,
266,APAG.F,
267,APC,36.79B
268,APD,30.79B
269,APEI,392.72M
270,APFC,
271,APH,21.43B
272,API,
273,APKT,
274,APL,
275,APOG,1.66B
276,APOL,
277,APP,
278,APPA,
279,APPY,
280,APSG,
281,APU,4.52B
282,APY,
283,ARAY,460.08M
284,ARB,
285,ARBA,
286,ARBX,
287,ARCI,8.32M
288,ARD,
289,ARDN.A,
290,ARE,10.34B
291,AREX,133.98M
292,ARG,
293,ARGN,
294,ARI,1.44B
295,ARIA,
296,ARII,903.19M
297,ARJ,
298,ARKR,87.73M
299,ARL,140.06M
300,ARLP,
301,ARM,
302,ARNA,362.54M
303,ARO,
304,AROW,482.66M
305,ARP,
306,ARQL,85.34M
307,ARRS,5.73B
308,ARRY,1.92B
309,ARSD,
310,ARST,
311,ART,
312,ARTG,
313,ARTN.A,
314,ARTW,15.20M
315,ARTX,103.55M
316,ARUN,
317,ARW,6.54B
318,ARWD,537277.31
319,ARWR,161.81M
320,ARYX,234227
321,ASB,3.98B
322,ASBC,
323,ASCA,
324,ASCM.A,
325,ASEI,
326,ASF,
327,ASFI,117.57M
328,ASFN,
329,ASGN,2.58B
330,ASGR,
331,ASH,7.58B
332,ASI,
333,ASPS,434.78M
334,ASRV,74.67M
335,ASTC,31.89M
336,ASTE,1.62B
337,ASTI,601815.19
338,ASTM,
339,ASUR,74.17M
340,ASYS,85.66M
341,ASYT,
342,ATAC,
343,ATC,
344,ATCO,
345,ATEA,6.49M
346,ATEC,
347,ATGN,5.70M
348,ATHN,4.70B
349,ATHR,
350,ATI,2.19B
351,ATK,
352,ATLO,300.25M
353,ATLS,13.28M
354,ATMI,
355,ATML,
356,ATNI,1.30B
357,ATO,8.00B
358,ATPG,
359,ATR,4.63B
360,ATRC,577.86M
361,ATRI,877.44M
362,ATRM,4.79M
363,ATRN,
364,ATRO,988.19M
365,ATSG,1.02B
366,ATSI,
367,ATU,1.58B
368,ATVI,33.73B
369,ATW,804.69M
370,ATX,
371,AURD.Q,
372,AUTH,
373,AUXL,
374,AVA,2.52B
375,AVAV,621.63M
376,AVB,24.52B
377,AVCA,
378,AVD,488.84M
379,AVID,238.47M
380,AVII,
381,AVNR,
382,AVNW,77.89M
383,AVP,2.02B
384,AVR,
385,AVSR,122568
386,AVT,5.98B
387,AVTR,
388,AVX,2.69B
389,AVXT,2.21M
390,AVY,7.15B
391,AVZA,
392,AWBC,
393,AWH,4.66B
394,AWI,2.23B
395,AWK,13.14B
396,AWR,1.62B
397,AWRE,116.64M
398,AWX,11.03M
399,AXAS,308.58M
400,AXE,2.83B
401,AXK,
402,AXL,1.54B
403,AXP,72.06B
404,AXR,50.72M
405,AXS,5.93B
406,AXSI,
407,AXST,70020.5
408,AXTI,236.73M
409,AYE,
410,AYI,9.65B
411,AYR,1.93B
412,AZO,21.21B
413,AZZ,1.52B
414,B,2.72B
415,BA,105.78B
416,BABY,1.24B
417,BAC,257.86B
418,BAGL,
419,BAMM,
420,BANF,1.53B
421,BANR,1.94B
422,BARE,
423,BARI,
424,BAS,2.89M
425,BAX,27.05B
426,BAYN,21540
427,BBBB,
428,BBBY,6.04B
429,BBEP,
430,BBG,344.93M
431,BBGI,273.35M
432,BBI,
433,BBND,
434,BBNK,
435,BBOX,146.18M
436,BBSI,466.30M
437,BBT,38.82B
438,BBW,155.23M
439,BBX,
440,BBY,14.20B
441,BC,5.42B
442,BCO,2.63B
443,BCON,
444,BCPC,2.66B
445,BCR,17.46B
446,BCRX,483.85M
447,BCSI,
448,BCST,
449,BDC,3.09B
450,BDCO,36.66M
451,BDGE,669.56M
452,BDK,
453,BDN,2.84B
454,BDR,6.07M
455,BDSI,101.47M
456,BDX,38.50B
457,BEAT,704.36M
458,BEAV,6.30B
459,BEBE,46.72M
460,BEC,
461,BECN,2.73B
462,BEE,
463,BELF.B,
464,BEN,24.04B
465,BERK,147.69M
466,BEXP,
467,BEZ,
468,BF.B,
469,BFED,
470,BFIN,271.58M
471,BFLY,
472,BFNB,
473,BFRM,
474,BFS,1.40B
475,BFSB,
476,BG,11.51B
477,BGC,805.06M
478,BGCP,3.27B
479,BGFV,288.54M
480,BGG,931.46M
481,BGH,
482,BGP,
483,BGS,3.11B
484,BHB,254.50M
485,BHE,1.60B
486,BHI,25.84B
487,BHIP,
488,BHLB,1.15B
489,BHS,
490,BID,2.17B
491,BIDZ,
492,BIG,2.32B
493,BIIB,62.40B
494,BIO,5.71B
495,BIOC,34.47M
496,BIOD,
497,BIOF,
498,BIOS,183.58M
499,BIP.U,
500,BITS,
501,BJ,
502,BJCT,
503,BJRI,867.52M
504,BJS,
505,BK,49.38B
506,BKC,
507,BKD,2.66B
508,BKE,1.00B
509,BKH,3.33B
510,BKI,
511,BKMU,450.06M
512,BKR,
513,BKRS,
514,BKS,762.35M
515,BKUN.A,
516,BKYF,
517,BLC,
518,BLD,1.44B
519,BLDR,1.39B
520,BLFS,25.63M
521,BLGM,
522,BLK,63.41B
523,BLKB,3.40B
524,BLL,12.80B
525,BLSW,
526,BLT,
527,BLTI,
528,BLUD,
529,BMC,
530,BMI,1.04B
531,BMR,
532,BMRC,422.30M
533,BMRN,15.46B
534,BMS,4.51B
535,BMTC,708.90M
536,BMTI,
537,BMY,91.23B
538,BNCL,1.17B
539,BNCN,1.91B
540,BNE,
541,BNHN.A,
542,BNI,
543,BNVI,
544,BNX,
545,BOBE,1.12B
546,BOFI,1.88B
547,BOFL,
548,BOH,3.61B
549,BOKF,5.48B
550,BOLT,
551,BONT,24.83M
552,BOOM,232.44M
553,BOOT,290.39M
554,BPAX,
555,BPFH,1.42B
556,BPI,460.12M
557,BPL,9.82B
558,BPO,
559,BPOP,4.71B
560,BPSG,
561,BPT,632.34M
562,BPUR,
563,BPZ,
564,BR,8.11B
565,BRC,2.01B
566,BRCD,5.02B
567,BRCM,
568,BRE,
569,BRID,112.91M
570,BRK.A,
571,BRKL,1.13B
572,BRKR,3.95B
573,BRKS,1.43B
574,BRLI,
575,BRN,19.78M
576,BRNC,
577,BRO,6.15B
578,BRS,598.72M
579,BRT,119.80M
580,BRY,
581,BSDM,
582,BSET,281.99M
583,BSMD,
584,BSQR,72.84M
585,BSRR,392.34M
586,BSTC,373.43M
587,BSX,34.58B
588,BTFG,
589,BTH,
590,BTIM,
591,BTN,91.91M
592,BTU,
593,BTUI,
594,BUCY,
595,BUKS,17.07M
596,BUSE,1.19B
597,BVSN,25.50M
598,BVX,95.00M
599,BW,828.62M
600,BWA,9.01B
601,BWIN.B,
602,BWLD,2.78B
603,BWP,4.57B
604,BWS,
605,BWTR,
606,BWY,
607,BX,19.07B
608,BXC,59.97M
609,BXG,
610,BXP,21.10B
611,BXS,2.94B
612,BYD,2.29B
613,BYI,
614,BZ,
615,BZH,409.20M
616,C,166.82B
617,CA,13.41B
618,CAB,3.09B
619,CAC,651.08M
620,CACB,604.94M
621,CACC,3.83B
622,CACH,57988
623,CACI,3.09B
624,CADE,
625,CADX,
626,CAFI,938.3
627,CAG,17.24B
628,CAH,25.46B
629,CAKE,2.83B
630,CAL,1.31B
631,CALC,
632,CALD,1.28B
633,CALM,1.88B
634,CALP,
635,CAM,
636,CAMH,
637,CAMP,548.53M
638,CAP,
639,CAPS,3.35M
640,CAR,2.97B
641,CAS,
642,CASB,
643,CASC,97.65M
644,CASH,812.08M
645,CASM,40.25M
646,CASS,744.77M
647,CASY,4.60B
648,CAT,57.97B
649,CATM,2.02B
650,CATO,697.65M
651,CATY,3.14B
652,CAVM,4.49B
653,CAW,21.37M
654,CB,63.46B
655,CBAN,116.88M
656,CBB,835.67M
657,CBBO,
658,CBC,
659,CBEY,
660,CBG,12.02B
661,CBIN,
662,CBK,48.62M
663,CBKN,
664,CBL,1.76B
665,CBLI,21.97M
666,CBM,1.76B
667,CBMC,
668,CBMX,9.75M
669,CBNJ,
670,CBNK,
671,CBON,
672,CBOU,
673,CBR,28.60M
674,CBRL,4.05B
675,CBRX,
676,CBS,27.85B
677,CBSH,6.00B
678,CBST,
679,CBT,3.61B
680,CBTE,
681,CBU,2.67B
682,CBZ,718.41M
683,CCBG,359.79M
684,CCC,812.68M
685,CCE,17.02B
686,CCEL,31.26M
687,CCF,851.74M
688,CCI,31.42B
689,CCIX,
690,CCK,7.32B
691,CCL,40.22B
692,CCMP,1.70B
693,CCNE,374.82M
694,CCO,1.87B
695,CCOI,1.88B
696,CCRN,514.96M
697,CCRT,
698,CCUR,45.36M
699,CDE,1.61B
700,CDI,166.03M
701,CDNS,8.42B
702,CDR,497.24M
703,CDTI,26.01M
704,CDZI,279.61M
705,CE,12.63B
706,CEC,
707,CECE,381.25M
708,CECO,639.72M
709,CEDC,
710,CEG,
711,CELG,94.26B
712,CELL,
713,CEMJQ,
714,CENT.A,
715,CENX,1.33B
716,CEPH,
717,CERN,18.51B
718,CERS,443.35M
719,CEVA,740.18M
720,CF,7.95B
721,CFBK,36.80M
722,CFFC,
723,CFFI,164.99M
724,CFFN,2.06B
725,CFI,405.65M
726,CFL,
727,CFN,
728,CFNB,163.44M
729,CFNL,1.03B
730,CFR,6.00B
731,CFS,
732,CFW,
733,CFX,4.88B
734,CGI,248.84M
735,CGNX,6.58B
736,CGX,
737,CHB,
738,CHCI,7.23M
739,CHCO,999.66M
740,CHD,12.74B
741,CHDN,2.54B
742,CHDX,
743,CHE,2.82B
744,CHEV,
745,CHFC,3.76B
746,CHG,
747,CHH,3.48B
748,CHK,4.67B
749,CHKE,120.44M
750,CHMP,1.12M
751,CHP,
752,CHRD,
753,CHRS,982.17M
754,CHRW,11.20B
755,CHS,1.81B
756,CHSI,
757,CHTP,
758,CHTT,
759,CHUX,
760,CHYR,
761,CI,36.88B
762,CIA,443.72M
763,CICI,
764,CIDM,16.79M
765,CIE,316.56M
766,CIEN,3.59B
767,CIGX,
768,CIM,3.51B
769,CINF,11.95B
770,CIR,1.01B
771,CITP,
772,CITZ,
773,CIX,182.56M
774,CJBK,
775,CKEC,
776,CKH,1.22B
777,CKP,
778,CKR,
779,CKXE,
780,CL,63.90B
781,CLC,4.05B
782,CLCT,205.61M
783,CLD,357.73M
784,CLDA,
785,CLDX,353.36M
786,CLF,2.68B
787,CLFC,
788,CLFD,234.76M
789,CLH,3.18B
790,CLI,2.54B
791,CLMS,169.17M
792,CLMT,
793,CLNE,340.73M
794,CLNY,
795,CLP,
796,CLR,17.03B
797,CLRO,98.51M
798,CLRT,
799,CLSN,6.52M
800,CLUB,81.05M
801,CLW,959.81M
802,CLWR,
803,CLX,17.15B
804,CMA,12.73B
805,CMC,2.61B
806,CMCO,545.25M
807,CMCSA,178.95B
808,CME,41.46B
809,CMG,12.30B
810,CMI,25.71B
811,CMLS,30.48M
812,CMN,
813,CMO,1.01B
814,CMP,2.63B
815,CMRG,
816,CMS,12.08B
817,CMT,127.15M
818,CMTL,273.36M
819,CNA,11.26B
820,CNB.Z,
821,CNBC,
822,CNBK.A,
823,CNC,11.62B
824,CNK,4.91B
825,CNL,
826,CNLG,23779.8
827,CNMD,1.21B
828,CNO,3.63B
829,CNP,11.42B
830,CNQR,
831,CNS,1.65B
832,CNSL,1.31B
833,CNTY,168.42M
834,CNU,
835,CNVR,
836,CNW,
837,CNX,3.89B
838,CNXT,
839,COA,
840,COBR,
841,COBZ,721.94M
842,COCO,
843,COF,44.39B
844,COG,10.75B
845,COGT,187.45M
846,COH,10.72B
847,COHN,
848,COHR,4.75B
849,COHU,422.03M
850,COKE,1.65B
851,COL,12.23B
852,COLB,2.38B
853,COLM,3.97B
854,COMS,
855,COMV,
856,CONN,316.30M
857,COO,9.56B
858,COOL,13.99M
859,COP,58.78B
860,COPY,
861,CORE,1.52B
862,CORS,
863,CORT,921.00M
864,CORX,
865,COSI,
866,COST,77.24B
867,COVR,
868,CPB,17.89B
869,CPBK,
870,CPD,
871,CPE,2.30B
872,CPEX,
873,CPF,986.70M
874,CPHD,
875,CPII,
876,CPIX,92.39M
877,CPK,1.07B
878,CPKI,
879,CPLA,897.05M
880,CPLP,
881,CPN,4.12B
882,CPNO,
883,CPO,
884,CPRT,6.76B
885,CPRX,95.30M
886,CPSI,352.36M
887,CPSS,118.07M
888,CPST,28.58M
889,CPT,7.18B
890,CPTS,
891,CPWM,
892,CPWR,
893,CPX,
894,CPY,
895,CQB,
896,CQP,10.95B
897,CR,4.34B
898,CRA,
899,CRAI,308.42M
900,CRAY,851.72M
901,CRBC,
902,CRC,728.30M
903,CRD.B,
904,CRDC,
905,CRDN,
906,CRE,
907,CRED,
908,CREE,2.61B
909,CRFN,
910,CRFT,
911,CRI,4.13B
912,CRIS,376.67M
913,CRK,135.90M
914,CRL,4.19B
915,CRM,56.76B
916,CRMH,
917,CRMT,306.95M
918,CRN,
919,CROX,513.35M
920,CRR,403.16M
921,CRRC,
922,CRS,1.92B
923,CRT,100.50M
924,CRTX,
925,CRUS,3.55B
926,CRV,
927,CRVL,776.56M
928,CRWN,
929,CRXX,
930,CRY,555.83M
931,CRZO,2.16B
932,CSA,
933,CSBC,
934,CSBK,361.55M
935,CSC,9.95B
936,CSCD,
937,CSCO,169.21B
938,CSCX,
939,CSE,
940,CSFL,1.22B
941,CSGP,6.83B
942,CSGS,1.24B
943,CSH,
944,CSII,951.65M
945,CSL,6.84B
946,CSPI,39.65M
947,CSS,236.60M
948,CSTR,219.04M
949,CSU,494.19M
950,CSV,441.32M
951,CSX,44.97B
952,CT,
953,CTAS,12.46B
954,CTB,2.16B
955,CTBI,823.35M
956,CTBK,173393
957,CTCT,
958,CTDB,
959,CTGX,
960,CTHR,24.88M
961,CTIB,21.32M
962,CTIC,132.44M
963,CTL,13.11B
964,CTO,310.05M
965,CTRN,262.99M
966,CTS,763.28M
967,CTSH,35.18B
968,CTT,420.56M
969,CTV,
970,CTWS,606.51M
971,CTXS,12.59B
972,CTZN,
973,CUB,1.42B
974,CUR,32.60M
975,CUTR,283.35M
976,CUZ,3.40B
977,CV,
978,CVA,2.06B
979,CVBF,2.54B
980,CVC,
981,CVCO,1.03B
982,CVCY,267.27M
983,CVD,
984,CVG,2.34B
985,CVGI,191.81M
986,CVGW,1.01B
987,CVH,
988,CVI,2.06B
989,CVLL,
990,CVLT,2.32B
991,CVLY,226.30M
992,CVM,18.89M
993,CVO,55.24M
994,CVS,84.55B
995,CVTI,363.52M
996,CVU,71.64M
997,CVV,62.35M
998,CVX,208.28B
999,CW,4.30B
1000,CWBS,
1001,CWEI,2.40B
1002,CWLZ,
1003,CWST,472.13M
1004,CWT,1.67B
1005,CWTR,
1006,CXG,
1007,CXM,
1008,CXO,19.74B
1009,CXPO,
1010,CXS,
1011,CXW,3.85B
1012,CY,4.16B
1013,CYAN,21.26M
1014,CYBE,265.30M
1015,CYBI,
1016,CYBS,
1017,CYBX,
1018,CYCC,
1019,CYH,765.15M
1020,CYMI,
1021,CYN,
1022,CYNO,1.57B
1023,CYPB,
1024,CYS,1.18B
1025,CYT,
1026,CYTK,456.54M
1027,CYTR,42.20M
1028,CYTX,37.93M
1029,CZNC,296.05M
1030,D,46.26B
1031,DAIO,37.28M
1032,DAKT,445.13M
1033,DAL,37.29B
1034,DAN,2.78B
1035,DAR,2.09B
1036,DARA,
1037,DATA,4.17B
1038,DAVE,40.70M
1039,DBD,2.26B
1040,DBLE,
1041,DBRN,
1042,DBTK,
1043,DCAI,
1044,DCI,5.58B
1045,DCO,343.46M
1046,DCOM,794.20M
1047,DCP,4.65B
1048,DCT,4.31B
1049,DCTH,347126.03
1050,DD,67.00B
1051,DDD,1.92B
1052,DDDC,
1053,DDE,34.78M
1054,DDIC,
1055,DDMX,
1056,DDR,5.30B
1057,DDRX,
1058,DDS,1.95B
1059,DE,34.92B
1060,DEAR,
1061,DECK,1.67B
1062,DEI,5.92B
1063,DEL,933.78M
1064,DELL,
1065,DENN,996.11M
1066,DEP,
1067,DEPO,1.01B
1068,DEST,75.26M
1069,DF,1.68B
1070,DFG,
1071,DFR,
1072,DFS,27.74B
1073,DFT,3.71B
1074,DFZ,
1075,DG,21.46B
1076,DGAS,186.27M
1077,DGI,2.18B
1078,DGIC.A,
1079,DGII,344.91M
1080,DGIT,
1081,DGLY,25.28M
1082,DGSE,16.85M
1083,DGX,13.10B
1084,DHCC,2.18M
1085,DHI,11.39B
1086,DHIL,655.22M
1087,DHR,58.18B
1088,DHT,447.54M
1089,DHX,267.96M
1090,DIET,
1091,DIGA,
1092,DIN,1.09B
1093,DINE,
1094,DIOD,1.23B
1095,DIS,174.03B
1096,DISC.A,
1097,DISH,29.25B
1098,DISK,
1099,DIT,67.87M
1100,DITC,
1101,DIVX,
1102,DK,1.41B
1103,DKS,5.61B
1104,DLA,132.30M
1105,DLB,5.07B
1106,DLIA,
1107,DLLR,
1108,DLM,
1109,DLR,16.56B
1110,DLTR,18.89B
1111,DLX,3.66B
1112,DM,2.51B
1113,DMAN,
1114,DMC,
1115,DMLP,516.87M
1116,DMND,
1117,DMRC,267.20M
1118,DNB,3.98B
1119,DNBK,
1120,DNDN,
1121,DNE,
1122,DNEX,
1123,DNR,1.24B
1124,DO,2.33B
1125,DOLE,
1126,DORM,2.47B
1127,DOV,12.43B
1128,DOW,74.33B
1129,DPL,
1130,DPM,
1131,DPS,17.21B
1132,DPTR,
1133,DPW,4.20M
1134,DPZ,9.04B
1135,DRAD,97.41M
1136,DRAM,6.22M
1137,DRC,
1138,DRCO,
1139,DRE,8.94B
1140,DRH,2.25B
1141,DRI,9.53B
1142,DRIV,
1143,DRJ,
1144,DRL,
1145,DRQ,2.37B
1146,DRRX,139.97M
1147,DSCI,197.88M
1148,DSCM,
1149,DSCO,
1150,DSPG,228.98M
1151,DST,3.71B
1152,DSTI,16614
1153,DSW,1.72B
1154,DTE,17.61B
1155,DTG,
1156,DTLK,
1157,DTPI,
1158,DTSI,
1159,DTV,
1160,DUCK,
1161,DUF,
1162,DUK,54.85B
1163,DUSA,
1164,DV,2.08B
1165,DVA,13.02B
1166,DVAX,154.11M
1167,DVD,85.11M
1168,DVN,23.17B
1169,DVR,
1170,DW,
1171,DWA,
1172,DWCH,98.34M
1173,DWRI,
1174,DWSN,170.46M
1175,DX,333.26M
1176,DXCM,6.92B
1177,DXPE,643.17M
1178,DXR,33.37M
1179,DXYN,54.76M
1180,DY,2.52B
1181,DYAX,
1182,DYII,1.12M
1183,DYN,1.06B
1184,DYNT,8.05M
1185,EAC,
1186,EAG,
1187,EAR,
1188,EAT,2.19B
1189,EBAY,36.70B
1190,EBF,434.76M
1191,EBHI,
1192,EBIX,1.92B
1193,EBS,1.23B
1194,EBSB,990.78M
1195,EBTC,389.00M
1196,EBTX,
1197,ECHO,695.46M
1198,ECL,36.14B
1199,ECLP,
1200,ECNG,
1201,ECOL,1.10B
1202,ECPG,864.26M
1203,ED,22.42B
1204,EDAC,
1205,EDCI,3.43M
1206,EDE,
1207,EDGR,
1208,EDGW,80.45M
1209,EDMC,2.02M
1210,EDR,2.97B
1211,EDUC,35.72M
1212,EE,1.89B
1213,EEE,
1214,EEFT,4.42B
1215,EEI,43.15M
1216,EEP,6.30B
1217,EEQ,1.51B
1218,EFII,2.23B
1219,EFJI,
1220,EFOI,52.61M
1221,EFSC,913.05M
1222,EFX,15.60B
1223,EGAS,133.07M
1224,EGBN,2.13B
1225,EGHT,1.36B
1226,EGLE,
1227,EGLQ,
1228,EGN,5.38B
1229,EGOV,1.44B
1230,EGP,2.37B
1231,EGT,20.68M
1232,EGY,66.26M
1233,EHTH,204.69M
1234,EIG,1.19B
1235,EIHI,
1236,EIX,24.87B
1237,EK,
1238,EL,31.14B
1239,ELGX,558.99M
1240,ELMG,
1241,ELNK,593.91M
1242,ELON,20.96M
1243,ELOY,
1244,ELRC,
1245,ELS,6.54B
1246,ELSE,13.92M
1247,ELTP,131.26M
1248,ELX,
1249,ELY,974.07M
1250,EM,
1251,EMAN,66.41M
1252,EMC,
1253,EMCI,603.34M
1254,EME,4.21B
1255,EMIS,30.34M
1256,EMKR,269.83M
1257,EML,121.95M
1258,EMMS,35.82M
1259,EMN,11.76B
1260,EMR,39.92B
1261,EMS,
1262,ENA,
1263,ENCO,
1264,END,
1265,ENDP,2.92B
1266,ENER,
1267,ENG,69.78M
1268,ENH,6.28B
1269,ENMD,
1270,ENOC,174.70M
1271,ENP,
1272,ENR,3.33B
1273,ENS,3.43B
1274,ENSG,921.76M
1275,ENTG,3.10B
1276,ENTN,
1277,ENTR,
1278,ENWV,
1279,ENZ,316.62M
1280,ENZN,15.78M
1281,EOG,57.09B
1282,EONC,
1283,EP,
1284,EPAX,
1285,EPAY,966.22M
1286,EPB,
1287,EPCT.D,
1288,EPD,60.67B
1289,EPE,1.22B
1290,EPEX,
1291,EPG,
1292,EPHC,
1293,EPIC,
1294,EPIQ,
1295,EPIX,64.88M
1296,EPL,
1297,EPM,293.99M
1298,EPR,4.77B
1299,EQIX,
1300,EQR,22.53B
1301,EQT,10.73B
1302,EQY,4.54B
1303,ERES,
1304,ERIE,5.97B
1305,ERII,484.25M
1306,EROC,
1307,ERTS,
1308,ES,17.79B
1309,ESBF,
1310,ESBK,59.04M
1311,ESC,
1312,ESCA,185.91M
1313,ESCC,14.30M
1314,ESE,1.42B
1315,ESGR,3.73B
1316,ESI,
1317,ESIC,
1318,ESIO,221.50M
1319,ESL,2.67B
1320,ESLR,
1321,ESMC,1.06M
1322,ESP,56.77M
1323,ESRX,42.38B
1324,ESS,14.95B
1325,ESSA,175.14M
1326,ESYS,
1327,ETE,19.93B
1328,ETFC,10.21B
1329,ETH,771.17M
1330,ETM,629.45M
1331,ETN,32.27B
1332,ETP,20.80B
1333,ETR,13.17B
1334,ETRM,11.55M
1335,EUBK,
1336,EV,4.78B
1337,EVBN,174.50M
1338,EVBS,141.65M
1339,EVC,484.28M
1340,EVEP,
1341,EVOL,54.18M
1342,EVR,3.13B
1343,EVVV,
1344,EW,19.18B
1345,EWBC,7.76B
1346,EXAC,356.73M
1347,EXAR,570.48M
1348,EXAS,2.16B
1349,EXBD,
1350,EXC,32.97B
1351,EXEL,6.62B
1352,EXH,
1353,EXLP,
1354,EXLS,1.58B
1355,EXM,
1356,EXP,5.09B
1357,EXPD,10.19B
1358,EXPE,17.89B
1359,EXPO,1.53B
1360,EXR,9.72B
1361,EXTR,669.57M
1362,EZPW,496.77M
1363,F,50.00B
1364,FAC,61.23M
1365,FACE,
1366,FACT,
1367,FAF,4.28B
1368,FALC,29.68M
1369,FARM,541.47M
1370,FARO,638.61M
1371,FAST,14.67B
1372,FBC,1.62B
1373,FBCM,
1374,FBMI,
1375,FBN,
1376,FBNC,645.12M
1377,FBP,1.40B
1378,FC,247.04M
1379,FCAL,
1380,FCBC,470.05M
1381,FCE.A,
1382,FCEL,64.43M
1383,FCF,1.27B
1384,FCFC,
1385,FCFS,2.11B
1386,FCH,996.21M
1387,FCN,1.72B
1388,FCNC.A,
1389,FCS,
1390,FCVA,
1391,FCX,21.47B
1392,FCZA,
1393,FDEF,448.66M
1394,FDML,
1395,FDO,
1396,FDP,3.03B
1397,FDS,7.19B
1398,FDX,51.62B
1399,FE,13.20B
1400,FEIC,
1401,FEIM,93.57M
1402,FELE,1.89B
1403,FEP,
1404,FFBC,1.76B
1405,FFBH,
1406,FFCH,
1407,FFEX,
1408,FFG,1.76B
1409,FFIC,834.60M
1410,FFIN,2.89B
1411,FFIV,9.29B
1412,FFKT,300.66M
1413,FFNW,212.63M
1414,FFSX,
1415,FGP,619.83M
1416,FGXI,
1417,FHCO,32.90M
1418,FHN,4.70B
1419,FICO,4.03B
1420,FIF,
1421,FIG,1.73B
1422,FIGI,
1423,FII,2.64B
1424,FINL,702.09M
1425,FIRE,
1426,FIS,26.83B
1427,FISI,496.63M
1428,FISV,24.62B
1429,FIT,1.33B
1430,FITB,20.67B
1431,FIX,1.26B
1432,FIZZ,2.69B
1433,FL,9.40B
1434,FLDR,
1435,FLIC,668.31M
1436,FLIR,4.99B
1437,FLL,51.67M
1438,FLO,4.10B
1439,FLOW,1.43B
1440,FLR,7.86B
1441,FLS,6.31B
1442,FLWS,655.69M
1443,FLXS,411.16M
1444,FMAR,
1445,FMBI,2.00B
1446,FMC,7.80B
1447,FMD,
1448,FMER,
1449,FMFC,
1450,FMR,
1451,FNB,3.33B
1452,FNBN,
1453,FNET,
1454,FNF,10.20B
1455,FNFG,
1456,FNLC,301.99M
1457,FNLQ,
1458,FNM,
1459,FNSC,
1460,FNSR,3.74B
1461,FNXC,
1462,FO,
1463,FOE,1.18B
1464,FOH,
1465,FOLD,892.38M
1466,FONR,117.25M
1467,FOOD,
1468,FOR,444.98M
1469,FORD,9.91M
1470,FORM,839.05M
1471,FORR,688.64M
1472,FOSL,999.19M
1473,FPBN,
1474,FPFC,
1475,FPIC,
1476,FPL,
1477,FPO,612.88M
1478,FPP,5.44M
1479,FPTB,
1480,FR,3.09B
1481,FRBK,345.48M
1482,FRD,42.97M
1483,FRE,
1484,FRED,661.57M
1485,FRGB,
1486,FRM,
1487,FRME,1.68B
1488,FRP,491.70M
1489,FRPT,351.39M
1490,FRS,
1491,FRT,10.14B
1492,FRX,
1493,FRZ,
1494,FSBK,116.87M
1495,FSCI,
1496,FSGI,
1497,FSII,
1498,FSLR,3.62B
1499,FSNM,
1500,FSNN,26.91M
1501,FSP,1.31B
1502,FSR,
1503,FSS,915.35M
1504,FST,
1505,FSTF,
1506,FSTR,139.79M
1507,FSYS,
1508,FTBK,
1509,FTEK,28.84M
1510,FTI,3.83B
1511,FTK,710.32M
1512,FTNT,6.49B
1513,FTO,
1514,FTR,3.86B
1515,FTWR,
1516,FUEL,112.59M
1517,FUL,2.48B
1518,FULT,3.32B
1519,FUN,3.73B
1520,FUNC,97.48M
1521,FUR,
1522,FVE,123.78M
1523,FWRD,1.52B
1524,FXCB,
1525,FXEN,
1526,FXRE,
1527,G,4.77B
1528,GABC,755.88M
1529,GAIA,134.79M
1530,GAP,
1531,GAS,
1532,GB,
1533,GBCI,2.80B
1534,GBE,
1535,GBH,
1536,GBL,853.72M
1537,GBNK,687.15M
1538,GBX,1.27B
1539,GCA,
1540,GCFB.D,
1541,GCI,1.03B
1542,GCO,1.20B
1543,GCOM,
1544,GD,56.96B
1545,GDI,
1546,GDP,
1547,GDTI,
1548,GE,267.10B
1549,GEF,2.73B
1550,GEL,4.10B
1551,GENC,211.33M
1552,GENZ,
1553,GEO,3.34B
1554,GEOI,
1555,GEOY,
1556,GERN,362.85M
1557,GES,1.10B
1558,GET,
1559,GETA,
1560,GFF,993.21M
1561,GFG,
1562,GFIG,
1563,GGC,
1564,GGG,5.08B
1565,GGOX,
1566,GGP,22.14B
1567,GHDX,978.94M
1568,GHL,874.40M
1569,GHM,223.67M
1570,GIA,
1571,GIFI,192.57M
1572,GIGA,8.21M
1573,GIII,1.29B
1574,GILD,91.50B
1575,GIS,34.35B
1576,GKK,
1577,GKSR,
1578,GLBC,
1579,GLBL,520.85M
1580,GLDC,
1581,GLDD,301.65M
1582,GLF,36.44M
1583,GLG,
1584,GLOI,
1585,GLP,668.98M
1586,GLRE,876.23M
1587,GLT,1.02B
1588,GLUU,275.50M
1589,GLW,25.66B
1590,GMCR,
1591,GME,2.60B
1592,GMET,149898.09
1593,GMO,72.86M
1594,GMR,
1595,GMT,
1596,GMTC,
1597,GMTN,
1598,GMXR,
1599,GNCM.A,
1600,GNET,
1601,GNH,
1602,GNK,72.22M
1603,GNTX,5.92B
1604,GNVC,16.00M
1605,GNW,1.98B
1606,GOK,
1607,GOLF,1.31B
1608,GOOD,
1609,GOOG,572.54B
1610,GORX,
1611,GOV,
1612,GPC,14.97B
1613,GPI,1.65B
1614,GPIC,90.70M
1615,GPK,4.24B
1616,GPN,11.87B
1617,GPOR,3.09B
1618,GPR,
1619,GPRE,913.13M
1620,GPRO,1.31B
1621,GPS,9.76B
1622,GPX,424.66M
1623,GR,
1624,GRA,4.87B
1625,GRAN,
1626,GRB,
1627,GRC,792.71M
1628,GRH,
1629,GRIF,159.29M
1630,GRMH,
1631,GRMN,9.57B
1632,GRNB,
1633,GROW,27.21M
1634,GRT,
1635,GS,103.86B
1636,GSAT,1.54B
1637,GSB,82.63M
1638,GSBC,719.35M
1639,GSIC,
1640,GSIT,142.48M
1641,GSM,1.96B
1642,GST,259.90M
1643,GSX,
1644,GT,9.08B
1645,GTA,
1646,GTCB,
1647,GTEC,
1648,GTF,
1649,GTI,
1650,GTIV,
1651,GTLS,1.19B
1652,GTN,902.08M
1653,GTS,447.00M
1654,GTSI,
1655,GTXI,74.82M
1656,GTY,881.40M
1657,GUID,213.24M
1658,GV,178.16M
1659,GVA,2.12B
1660,GVP,60.72M
1661,GWR,4.36B
1662,GWW,14.99B
1663,GXDX,
1664,GXP,4.35B
1665,GY,
1666,GYMB,
1667,H,6.99B
1668,HA,2.69B
1669,HAE,1.96B
1670,HAFC,1.08B
1671,HAIN,3.62B
1672,HAL,46.56B
1673,HALL,207.51M
1674,HALO,1.62B
1675,HANS,
1676,HAR,7.76B
1677,HARL,78.46M
1678,HAS,12.31B
1679,HAST,
1680,HAUP,492435.31
1681,HAYN,518.69M
1682,HBAN,15.34B
1683,HBCP,269.74M
1684,HBE,
1685,HBHC,3.94B
1686,HBI,7.96B
1687,HBIO,106.56M
1688,HBNC,581.99M
1689,HBNK,
1690,HCBK,
1691,HCC,
1692,HCCI,345.11M
1693,HCII,
1694,HCKT,475.12M
1695,HCN,23.90B
1696,HCP,14.55B
1697,HCSG,3.03B
1698,HD,174.20B
1699,HDIX,
1700,HDNG,141.82M
1701,HDSN,263.14M
1702,HDY,
1703,HE,3.55B
1704,HEB,11.11M
1705,HEES,855.22M
1706,HEI.A,
1707,HELE,2.64B
1708,HEOP,470.53M
1709,HEP,2.33B
1710,HEPH,
1711,HERO,
1712,HES,16.21B
1713,HEV,
1714,HEW,
1715,HEWA,11.50M
1716,HF,1.17B
1717,HFWA,749.60M
1718,HGG,12.95M
1719,HGIC,
1720,HGR,
1721,HGRD,
1722,HGSI,
1723,HGT,82.00M
1724,HH,8.49M
1725,HHGP,
1726,HHS,97.95M
1727,HI,2.32B
1728,HIBB,652.27M
1729,HIG,18.08B
1730,HIL,256.25M
1731,HILL,
1732,HITK,
1733,HITT,
1734,HIW,5.19B
1735,HK,834.94M
1736,HKN,
1737,HL,2.60B
1738,HLCS,
1739,HLF,5.70B
1740,HLIT,446.58M
1741,HLS,3.77B
1742,HLX,893.28M
1743,HLYS,
1744,HMA,
1745,HME,
1746,HMN,1.69B
1747,HMNF,77.89M
1748,HMPR,
1749,HMSY,1.58B
1750,HNAB,
1751,HNBC,
1752,HNI,2.05B
1753,HNR,72.44M
1754,HNSN,
1755,HNT,
1756,HNZ,
1757,HOC,
1758,HOFT,382.42M
1759,HOG,10.05B
1760,HOKU,
1761,HOLL,16.79M
1762,HOLX,11.17B
1763,HOMB,3.93B
1764,HOME,950.76M
1765,HOMS,
1766,HON,94.81B
1767,HOOK,
1768,HOS,169.50M
1769,HOT,
1770,HOTT,
1771,HOV,338.78M
1772,HP,7.41B
1773,HPOL,
1774,HPQ,27.20B
1775,HPT,5.22B
1776,HPY,
1777,HQS,
1778,HR,3.61B
1779,HRB,4.25B
1780,HRC,4.20B
1781,HRG,3.55B
1782,HRL,19.70B
1783,HRLY,
1784,HRP,
1785,HRS,13.62B
1786,HRT,12.11M
1787,HRZ,
1788,HRZB,
1789,HS,
1790,HSC,1.12B
1791,HSIC,13.53B
1792,HSII,405.09M
1793,HSKA,572.95M
1794,HSNI,1.88B
1795,HSP,
1796,HST,13.61B
1797,HSTM,735.71M
1798,HSWI,
1799,HSY,22.83B
1800,HT,871.95M
1801,HTBK,539.14M
1802,HTCH,
1803,HTCO,217.60M
1804,HTH,2.78B
1805,HTLD,1.71B
1806,HTLF,1.28B
1807,HTM,81.93M
1808,HTRN,
1809,HTS,
1810,HTZ,
1811,HUB.B,
1812,HUBG,1.71B
1813,HUGH,
1814,HUM,30.55B
1815,HUN,5.09B
1816,HURC,184.04M
1817,HURN,897.84M
1818,HUSA,10.10M
1819,HVT,475.90M
1820,HW,1.72B
1821,HWAY,
1822,HWBK,112.20M
1823,HWCC,114.66M
1824,HWFG,
1825,HWG,
1826,HWK,
1827,HWKN,532.13M
1828,HXL,4.89B
1829,HYC,
1830,HYTM,
1831,HZO,550.32M
1832,IAAC,
1833,IACI,
1834,IAO,
1835,IART,3.30B
1836,IBCA,
1837,IBCP,458.11M
1838,IBI,
1839,IBKC,3.82B
1840,IBKR,2.63B
1841,IBM,171.38B
1842,IBNK,
1843,IBOC,2.53B
1844,ICAD,60.17M
1845,ICE,6.72B
1846,ICFI,995.24M
1847,ICGE,
1848,ICGN,
1849,ICH,
1850,ICO,
1851,ICOC,
1852,ICOG,
1853,ICON,522.55M
1854,ICOP,
1855,ICTG,15.24M
1856,ICUI,2.49B
1857,ICXT,
1858,ID,
1859,IDA,4.03B
1860,IDC,
1861,IDCC,3.41B
1862,IDIX,
1863,IDN,29.58M
1864,IDRA,256.92M
1865,IDSA,19.20M
1866,IDSY,80.20M
1867,IDT,454.80M
1868,IDTI,3.26B
1869,IDXX,12.70B
1870,IEC,36.69M
1871,IEP,
1872,IESC,425.72M
1873,IEX,7.02B
1874,IFC,
1875,IFF,9.72B
1876,IFLG,
1877,IFON,10.79M
1878,IFSI.A,
1879,IG,
1880,IGOI,7.75M
1881,IGT,5.50B
1882,IGTE,
1883,IHC,303.79M
1884,IHS,
1885,IIG,
1886,III,110.58M
1887,IIIN,711.18M
1888,IILG,
1889,IIN,51.01M
1890,IIVI,2.44B
1891,IKAN,
1892,ILI,
1893,ILMN,23.90B
1894,IM,
1895,IMA,
1896,IMGN,212.79M
1897,IMKT.A,
1898,IMM,
1899,IMMR,331.74M
1900,IMMU,566.46M
1901,IMN,28.92M
1902,IMSC,
1903,IN,
1904,INAP,94.81M
1905,INCB,
1906,INCY,22.82B
1907,INDB,1.72B
1908,INDM,
1909,INET,
1910,INFA,
1911,INFI,121.34M
1912,INFN,1.65B
1913,INHX,
1914,ININ,
1915,INMD,
1916,INO,515.46M
1917,INOC,
1918,INOD,57.65M
1919,INPH,
1920,INS,39.11M
1921,INSM,954.76M
1922,INSP,
1923,INSU,
1924,INSV,
1925,INT,2.68B
1926,INTC,172.73B
1927,INTT,51.39M
1928,INTU,30.76B
1929,INTX,84.69M
1930,INUV,40.38M
1931,INVC,3264.5
1932,INVE,62.08M
1933,INWK,526.97M
1934,INXI,
1935,IO,56.01M
1936,IP,21.45B
1937,IPAR,1.10B
1938,IPAS,85.07M
1939,IPCC,983.90M
1940,IPCM,
1941,IPG,9.73B
1942,IPGP,6.36B
1943,IPHS,958.33M
1944,IPI,166.69M
1945,IPII,
1946,IPSU,
1947,IPT,
1948,IRBT,1.51B
1949,IRC,
1950,IRET,795.01M
1951,IRF,
1952,IRIS,
1953,IRIX,153.13M
1954,IRM,9.79B
1955,IRSN,
1956,ISBC,4.42B
1957,ISCA,1.72B
1958,ISH,
1959,ISIG,17.59M
1960,ISIL,3.04B
1961,ISIS,
1962,ISLE,1.01B
1963,ISLN,
1964,ISNS,18.76M
1965,ISPH,
1966,ISR,30.25M
1967,ISRG,28.11B
1968,ISSC,53.20M
1969,ISSI,
1970,ISTA,
1971,ISYS,
1972,IT,8.52B
1973,ITC,
1974,ITG,653.83M
1975,ITI,171.51M
1976,ITIC,254.08M
1977,ITMN,
1978,ITRI,2.45B
1979,ITT,3.71B
1980,ITW,45.16B
1981,IUSA,
1982,IVA,
1983,IVAC,217.71M
1984,IVC,390.79M
1985,IVD,
1986,IVR,1.73B
1987,IVZ,13.29B
1988,IWA,
1989,IXYS,410.15M
1990,JACK,3.47B
1991,JACO,377640
1992,JAH,
1993,JAKK,82.29M
1994,JAS,
1995,JAV,
1996,JAX,147.00M
1997,JAZZ,8.22B
1998,JBHT,11.25B
1999,JBL,4.72B
2000,JBLU,6.51B
2001,JBSS,696.06M
2002,JBT,2.48B
2003,JCG,
2004,JCI,39.34B
2005,JCOM,3.90B
2006,JCP,2.17B
2007,JCS,41.83M
2008,JDAS,
2009,JDSU,
2010,JEC,6.97B
2011,JEF,
2012,JEN,
2013,JERT,148588.5
2014,JFBI,
2015,JJSF,2.43B
2016,JKHY,7.18B
2017,JLI,
2018,JLL,5.26B
2019,JMAR,
2020,JMBA,149.46M
2021,JMP,139.69M
2022,JNJ,323.36B
2023,JNPR,10.79B
2024,JNS,2.19B
2025,JNY,
2026,JOB,43.23M
2027,JOE,1.27B
2028,JOEZ,
2029,JOSB,
2030,JOUT,331.22M
2031,JOYG,
2032,JPM,322.18B
2033,JRCC,
2034,JRN,
2035,JSDA,20.46M
2036,JTX,
2037,JVA,26.15M
2038,JW.A,
2039,JWN,7.92B
2040,K,25.59B
2041,KAD,
2042,KAI,678.31M
2043,KALU,1.46B
2044,KAMN,1.41B
2045,KAR,6.42B
2046,KBAL.B,
2047,KBH,1.42B
2048,KBR,2.35B
2049,KBW,
2050,KCI,
2051,KCLI,452.20M
2052,KCP,
2053,KDE,
2054,KDN,
2055,KEG,5.42B
2056,KEI,
2057,KELY.A,
2058,KEQU,68.72M
2059,KERX,536.16M
2060,KEX,3.84B
2061,KEY,20.46B
2062,KEYN,
2063,KFED,
2064,KFFB,83.70M
2065,KFN,
2066,KFRC,650.66M
2067,KFT,
2068,KFY,1.76B
2069,KG,
2070,KID,
2071,KIM,10.34B
2072,KIRK,181.25M
2073,KKD,
2074,KLAC,13.86B
2075,KLIC,1.46B
2076,KMB,47.00B
2077,KMGB,
2078,KMP,
2079,KMR,
2080,KMT,3.11B
2081,KMX,12.54B
2082,KND,617.41M
2083,KNDL,
2084,KNL,1.09B
2085,KNOL,
2086,KNOT,
2087,KNSY,
2088,KNX,2.63B
2089,KNXA,
2090,KO,176.79B
2091,KOG,
2092,KONA,87.50M
2093,KOOL,29.16M
2094,KOP,885.37M
2095,KOPN,226.09M
2096,KR,31.91B
2097,KRA,833.19M
2098,KRC,7.08B
2099,KRG,1.95B
2100,KRNY,1.33B
2101,KRO,1.65B
2102,KS,2.25B
2103,KSP,
2104,KSS,7.41B
2105,KSU,9.27B
2106,KSW,
2107,KSWS,
2108,KTCC,78.86M
2109,KTEC,83.35M
2110,KTII,
2111,KTOS,504.10M
2112,KV.A,
2113,KVHI,170.53M
2114,KWK,
2115,KWR,1.76B
2116,L,15.81B
2117,LAB,
2118,LABC,
2119,LABL,1.21B
2120,LACO,
2121,LAD,2.54B
2122,LAKE,77.69M
2123,LAMR,
2124,LANC,3.64B
2125,LAVA,
2126,LAWE,
2127,LAWS,231.83M
2128,LAYN,192.31M
2129,LAZ,5.35B
2130,LB,16.45B
2131,LBAI,946.80M
2132,LBTYA,32.89B
2133,LBY,388.15M
2134,LCAP.A,
2135,LCAV,
2136,LCC,
2137,LCI,833.03M
2138,LCRD,
2139,LCRY,
2140,LCUT,212.14M
2141,LDIS,240616.02
2142,LDL,1.02B
2143,LDR,490.72M
2144,LDSH,
2145,LEAP,
2146,LECO,5.60B
2147,LECT,
2148,LEDR,
2149,LEE,152.77M
2150,LEG,6.49B
2151,LEGC,
2152,LEI,
2153,LEN,10.89B
2154,LENQ,
2155,LF,
2156,LFUS,3.72B
2157,LG,
2158,LGCY,
2159,LGN,
2160,LGND,2.21B
2161,LH,14.42B
2162,LHCG,877.90M
2163,LHO,3.37B
2164,LIFE,84.20M
2165,LII,6.98B
2166,LIME,22.75M
2167,LINC,46.48M
2168,LINE,
2169,LINT.A,
2170,LION,630.02M
2171,LIOX,331.87M
2172,LIZ,
2173,LJPC,346.28M
2174,LKFN,1.15B
2175,LKQX,
2176,LL,418.51M
2177,LLL,13.00B
2178,LLNW,258.01M
2179,LLTC,15.63B
2180,LLY,86.19B
2181,LM,3.58B
2182,LMAT,442.28M
2183,LMIA,183.74M
2184,LMNX,780.52M
2185,LMT,76.69B
2186,LNBB,
2187,LNC,16.22B
2188,LNCE,3.75B
2189,LNCR,
2190,LNDC,365.42M
2191,LNET,
2192,LNG,10.69B
2193,LNN,835.41M
2194,LNT,8.66B
2195,LNUX,
2196,LNY,
2197,LO,
2198,LOCM,
2199,LOGC,
2200,LOGM,2.44B
2201,LOJN,
2202,LOOK,
2203,LOOP,
2204,LOPE,2.86B
2205,LORL,1.27B
2206,LOV,27.96M
2207,LOW,66.75B
2208,LPAD,66.63M
2209,LPHI,
2210,LPNT,2.56B
2211,LPS,
2212,LPSN,393.82M
2213,LPTH,34.59M
2214,LPX,3.54B
2215,LQDT,266.82M
2216,LRCX,18.71B
2217,LRN,691.77M
2218,LRY,
2219,LSCC,835.32M
2220,LSE,
2221,LSI,3.95B
2222,LSTR,3.65B
2223,LSTZ.A,
2224,LTC,1.83B
2225,LTD,
2226,LTM,
2227,LTRE,30.42M
2228,LTRX,39.13M
2229,LTS,444.01M
2230,LTXC,
2231,LUB,104.85M
2232,LUFK,
2233,LUK,9.20B
2234,LUNA,53.71M
2235,LUV,35.27B
2236,LVB,
2237,LVLT,20.62B
2238,LVS,41.35B
2239,LVWR,
2240,LWAY,186.90M
2241,LWSN,
2242,LXK,
2243,LXP,2.65B
2244,LXRX,1.64B
2245,LXU,264.60M
2246,LYRI,
2247,LYTS,249.31M
2248,LYV,6.01B
2249,LZ,
2250,LZB,1.42B
2251,LZR,
2252,M,9.87B
2253,MA,117.95B
2254,MAA,11.31B
2255,MAC,9.56B
2256,MACE,24.80M
2257,MAG,1.29B
2258,MAKO,
2259,MALL,
2260,MAM,
2261,MAN,6.57B
2262,MANH,3.55B
2263,MANT,1.56B
2264,MAPP,
2265,MAR,34.89B
2266,MAS,10.66B
2267,MASC,
2268,MASI,4.24B
2269,MAT,8.94B
2270,MATK,
2271,MATW,2.19B
2272,MAXY,
2273,MBFI,3.77B
2274,MBHI,
2275,MBI,1.39B
2276,MBLX,
2277,MBND,
2278,MBR,
2279,MBRG,256.43M
2280,MBRK,
2281,MBTF,250.55M
2282,MBVT,357.09M
2283,MBWM,549.12M
2284,MCBC,345.85M
2285,MCBF,
2286,MCBI,
2287,MCCC,
2288,MCD,106.13B
2289,MCF,223.32M
2290,MCHP,15.51B
2291,MCHX,117.99M
2292,MCK,31.86B
2293,MCO,21.54B
2294,MCRI,414.92M
2295,MCRL,
2296,MCRS,
2297,MCS,824.79M
2298,MCTI,
2299,MCY,3.22B
2300,MD,6.50B
2301,MDAS,
2302,MDC,1.46B
2303,MDCI,
2304,MDCO,3.75B
2305,MDF,
2306,MDH,
2307,MDP,2.82B
2308,MDR,1.93B
2309,MDRX,2.27B
2310,MDS,
2311,MDSO,3.13B
2312,MDT,108.31B
2313,MDTH,
2314,MDTL,
2315,MDU,5.13B
2316,MDVN,
2317,ME,
2318,MEA,
2319,MEAD,
2320,MEAS,
2321,MED,533.99M
2322,MEDQ,
2323,MEDW,
2324,MEE,
2325,MEG,
2326,MEI,1.55B
2327,MELA,
2328,MEMS,
2329,MEND,
2330,MENT,4.04B
2331,MERR,91200
2332,MERX,
2333,MESA,
2334,MET,58.03B
2335,METR,
2336,MF,
2337,MFA,2.98B
2338,MFB,
2339,MFE,
2340,MFI,
2341,MFLX,
2342,MFRI,65.16M
2343,MFSF,230.34M
2344,MFW,
2345,MG,660.87M
2346,MGAM,
2347,MGEE,2.20B
2348,MGI,678.03M
2349,MGLN,1.82B
2350,MGM,15.27B
2351,MGN,
2352,MGPI,733.78M
2353,MGRC,927.35M
2354,MHAN,
2355,MHGC,
2356,MHH,27.98M
2357,MHK,16.43B
2358,MHLD,1.44B
2359,MHO,580.98M
2360,MHP,
2361,MHR,
2362,MHS,
2363,MI,
2364,MIC,6.51B
2365,MIDD,7.95B
2366,MIG,
2367,MIGP,
2368,MIL,
2369,MIND,56.14M
2370,MINI,1.47B
2371,MIPI,
2372,MIPS,
2373,MIR,
2374,MITI,
2375,MJN,16.13B
2376,MKC,12.22B
2377,MKL,13.46B
2378,MKSI,3.61B
2379,MKTX,7.11B
2380,MKTY,13.95M
2381,MLAB,455.17M
2382,MLHR,1.81B
2383,MLI,2.41B
2384,MLM,13.84B
2385,MLNK,94.03M
2386,MLP,150.27M
2387,MLR,285.33M
2388,MLSS,40.68M
2389,MMC,37.79B
2390,MMG,
2391,MMLP,
2392,MMM,109.07B
2393,MMP,18.26B
2394,MMPI.Q,
2395,MMR,
2396,MMRF,782347
2397,MMS,3.81B
2398,MMSI,1.26B
2399,MMUS,
2400,MNI,86.36M
2401,MNKD,251.63M
2402,MNOV,210.96M
2403,MNRK,
2404,MNRO,1.88B
2405,MNRT.A,
2406,MNTA,1.31B
2407,MNTG,
2408,MNTX,132.84M
2409,MO,141.56B
2410,MOC,27.18M
2411,MOCO,115.62M
2412,MOD,573.31M
2413,MOFG,416.84M
2414,MOG.A,
2415,MOH,2.75B
2416,MOLX,
2417,MON,47.80B
2418,MORN,3.44B
2419,MOS,11.76B
2420,MOSY,23.21M
2421,MOT,
2422,MOV,590.50M
2423,MOVE,
2424,MPAA,541.91M
2425,MPAC,
2426,MPET,
2427,MPG,1.56B
2428,MPR,
2429,MPW,4.25B
2430,MPWR,3.53B
2431,MPX,390.32M
2432,MRCY,1.54B
2433,MRGE,588.00M
2434,MRH,
2435,MRK,180.29B
2436,MRLN,293.69M
2437,MRM.Z,
2438,MRNA,626850
2439,MRO,13.75B
2440,MRT,352.64M
2441,MRTN,779.95M
2442,MRVC,54.12M
2443,MRVL,8.03B
2444,MRX,
2445,MS,85.47B
2446,MSA,2.63B
2447,MSCC,6.26B
2448,MSEX,578.26M
2449,MSFG,833.37M
2450,MSFT,499.35B
2451,MSII,
2452,MSL,166.45M
2453,MSM,5.93B
2454,MSN,31.40M
2455,MSO,
2456,MSON,86.52M
2457,MSPD,
2458,MSSR,
2459,MSTR,2.21B
2460,MSW,
2461,MTB,26.23B
2462,MTD,12.23B
2463,MTEX,52.38M
2464,MTG,3.65B
2465,MTH,1.37B
2466,MTN,7.21B
2467,MTOX,
2468,MTRX,458.73M
2469,MTSC,936.25M
2470,MTSN,
2471,MTW,908.32M
2472,MTX,2.77B
2473,MTXX,
2474,MTZ,3.04B
2475,MU,25.75B
2476,MUR,4.84B
2477,MVIS,98.18M
2478,MW,
2479,MWA,2.05B
2480,MWE,
2481,MWIV,
2482,MWV,
2483,MWW,
2484,MXB,
2485,MXC,9.66M
2486,MXGL,
2487,MXIM,12.75B
2488,MXWL,159.31M
2489,MYE,418.91M
2490,MYGN,1.27B
2491,MYL,22.50B
2492,MYRG,619.43M
2493,MYRX,2.07M
2494,N,
2495,NABI,
2496,NADX,
2497,NAFC,
2498,NAII,61.40M
2499,NAL,
2500,NANO,678.09M
2501,NANX,22.80M
2502,NARA,
2503,NASB,298.74M
2504,NASM,
2505,NATH,256.62M
2506,NATI,4.14B
2507,NATL,
2508,NAV,2.22B
2509,NAVG,1.63B
2510,NAVI,4.50B
2511,NAVR,
2512,NBBC,
2513,NBF,
2514,NBIX,3.84B
2515,NBL,16.01B
2516,NBR,4.34B
2517,NBS,
2518,NBTB,1.80B
2519,NBY,62.05M
2520,NC,427.90M
2521,NCI,1.08B
2522,NCIT,190.15M
2523,NCMI,758.94M
2524,NCOC,
2525,NCR,5.83B
2526,NCS,1.12B
2527,NCT,
2528,NDAQ,11.86B
2529,NDN,
2530,NDSN,6.88B
2531,NEBS,
2532,NEM,19.64B
2533,NENG,
2534,NEOG,2.50B
2535,NEOM,508841.5
2536,NEOP,
2537,NEPH,19.37M
2538,NEST,
2539,NETL,
2540,NEU,5.23B
2541,NEWP,
2542,NEWS,420.71M
2543,NEWT,236.60M
2544,NEXM,
2545,NEXS,20.58M
2546,NFBK,819.27M
2547,NFG,5.10B
2548,NFLX,61.21B
2549,NFP,
2550,NFX,8.25B
2551,NGA,
2552,NGAS,
2553,NGBF,
2554,NGEN,
2555,NGLS,
2556,NGS,362.23M
2557,NGSX,
2558,NHC,1.12B
2559,NHI,2.96B
2560,NHP,
2561,NHTB,
2562,NHWK,
2563,NI,7.33B
2564,NIHD,216.68M
2565,NILE,476.18M
2566,NITE,
2567,NJR,3.27B
2568,NKE,93.89B
2569,NKSH,280.71M
2570,NKTR,2.00B
2571,NL,289.79M
2572,NLC,
2573,NLCI,
2574,NLS,541.64M
2575,NLST,60.95M
2576,NLTX,
2577,NLY,11.02B
2578,NMM,158.14M
2579,NMRX,107.51M
2580,NMTI,
2581,NNBR,544.78M
2582,NNI,2.15B
2583,NNN,6.58B
2584,NOC,42.53B
2585,NOG,192.90M
2586,NOIZ,
2587,NOOF,
2588,NOV,14.78B
2589,NOVA,
2590,NOVB,
2591,NOVL,
2592,NP,1.27B
2593,NPBC,
2594,NPK,772.97M
2595,NPLA,
2596,NPO,1.36B
2597,NPSP,
2598,NR,635.11M
2599,NRCI,
2600,NRF,
2601,NRG,5.39B
2602,NRGP,
2603,NRGY,
2604,NRIM,208.63M
2605,NRP,502.74M
2606,NS,4.22B
2607,NSC,35.67B
2608,NSFC,72.51M
2609,NSH,1.29B
2610,NSIT,1.58B
2611,NSM,1.82B
2612,NSPH,
2613,NSR,1.83B
2614,NSSC,168.27M
2615,NST,
2616,NTAP,11.01B
2617,NTCT,3.48B
2618,NTGR,1.85B
2619,NTIC,69.90M
2620,NTII,378266
2621,NTLS,
2622,NTN,10.20M
2623,NTRI,1.07B
2624,NTRS,19.93B
2625,NTSC,
2626,NTWK,49.86M
2627,NTY,
2628,NU,
2629,NUAN,4.94B
2630,NUE,20.44B
2631,NUHC,
2632,NURO,5.27M
2633,NUS,2.59B
2634,NUTR,322.69M
2635,NUVA,3.76B
2636,NVAX,409.50M
2637,NVDA,59.30B
2638,NVDL,768878.75
2639,NVE,
2640,NVEC,362.53M
2641,NVIC,171241.02
2642,NVLS,41.18M
2643,NVR,7.02B
2644,NVTL,
2645,NWBI,1.83B
2646,NWBO,48.86M
2647,NWE,2.78B
2648,NWFL,160.48M
2649,NWK,
2650,NWL,22.58B
2651,NWLI,1.14B
2652,NWN,1.62B
2653,NWPX,175.51M
2654,NWSA,7.61B
2655,NWY,149.13M
2656,NX,653.60M
2657,NXST,2.08B
2658,NXTM,1.90B
2659,NXXI,
2660,NYB,
2661,NYER,
2662,NYM,
2663,NYMT,714.39M
2664,NYNY,719.31M
2665,NYT,2.49B
2666,NYX,
2667,O,15.72B
2668,OB,1.52B
2669,OBCI,37.68M
2670,OC,6.45B
2671,OCCF,
2672,OCFC,808.45M
2673,OCLR,1.84B
2674,OCLS,
2675,OCN,649.70M
2676,OCNF,
2677,OCNW,
2678,OCR,
2679,ODC,260.38M
2680,ODFL,7.61B
2681,ODP,2.40B
2682,ODSY,
2683,OEH,
2684,OESX,51.23M
2685,OFC,3.16B
2686,OFG,590.66M
2687,OFI,
2688,OFIX,665.09M
2689,OFLX,461.16M
2690,OGE,6.91B
2691,OGXI,17.41M
2692,OHB,
2693,OHI,6.22B
2694,OI,3.16B
2695,OICO,
2696,OII,2.67B
2697,OIS,1.86B
2698,OKE,11.29B
2699,OKS,14.88B
2700,OKSB,521.00M
2701,OLN,5.10B
2702,OLP,423.39M
2703,OMC,20.01B
2704,OMCL,1.41B
2705,OME,576.63M
2706,OMER,472.92M
2707,OMEX,31.69M
2708,OMG,
2709,OMI,2.10B
2710,OMN,408.91M
2711,OMNI,
2712,OMPI,
2713,OMX,
2714,ONB,2.53B
2715,ONNN,
2716,ONSM,5.01M
2717,ONT,
2718,ONVI,28.17M
2719,ONXX,
2720,OPEN,
2721,OPK,4.91B
2722,OPLK,
2723,OPNT,16.84M
2724,OPOF,141.14M
2725,OPTC,
2726,OPTR,
2727,OPTT,16.81M
2728,OPTV,
2729,OPWV,
2730,OPXA,7.86M
2731,OPXT,
2732,ORA,2.81B
2733,ORB,
2734,ORBC,580.91M
2735,ORBT,17.31M
2736,ORCC,
2737,ORCD,
2738,ORCH,
2739,ORCL,172.54B
2740,OREX,63.89M
2741,ORI,5.36B
2742,ORIT,742.15M
2743,ORLY,24.90B
2744,ORN,274.86M
2745,ORXE,1.13M
2746,OSBC,320.67M
2747,OSCI,
2748,OSG,352.38M
2749,OSIP,
2750,OSIR,207.40M
2751,OSIS,1.48B
2752,OSK,5.09B
2753,OSTE,
2754,OSTK,473.02M
2755,OSUR,626.76M
2756,OTIX,
2757,OTTR,1.48B
2758,OUTD,
2759,OVRL,
2760,OVTI,
2761,OWW,
2762,OXGN,
2763,OXM,946.83M
2764,OXPS,
2765,OXY,50.64B
2766,OYOG,
2767,OZM,545.12M
2768,OZRK,6.68B
2769,PAA,20.49B
2770,PABK,20554.55
2771,PACR,
2772,PACW,6.67B
2773,PAET,
2774,PAG,4.44B
2775,PALM,
2776,PANC,5364
2777,PANL,113.48M
2778,PAR,110.39M
2779,PARD,89940
2780,PARL,
2781,PAS,
2782,PATK,1.18B
2783,PATR,
2784,PAY,2.18B
2785,PAYX,21.22B
2786,PBCI,
2787,PBCT,5.93B
2788,PBG,
2789,PBH,2.97B
2790,PBI,2.49B
2791,PBIB,58.78M
2792,PBIO,5.56M
2793,PBIP,128.44M
2794,PBNY,
2795,PBY,
2796,PCAR,24.15B
2797,PCBC,76.20M
2798,PCBK,582.23M
2799,PCC,
2800,PCCC,
2801,PCG,32.46B
2802,PCH,1.80B
2803,PCL,
2804,PCLN,80.80B
2805,PCP,
2806,PCS,
2807,PCTI,92.10M
2808,PCU,
2809,PCX,
2810,PCYC,
2811,PCYO,127.08M
2812,PDC,
2813,PDCO,4.20B
2814,PDE,
2815,PDEX,20.50M
2816,PDFS,698.82M
2817,PDGE,
2818,PDII,
2819,PDLI,375.78M
2820,PDMI,649756.94
2821,PDO,
2822,PDRT,
2823,PEB,2.08B
2824,PEBK,147.67M
2825,PEBO,591.96M
2826,PEET,
2827,PEG,22.00B
2828,PEGA,3.10B
2829,PEI,1.20B
2830,PEIX,336.76M
2831,PENN,1.17B
2832,PENX,
2833,PEP,154.35B
2834,PERF,31.76M
2835,PERY,343.74M
2836,PESI,36.47M
2837,PETD,
2838,PETM,
2839,PETS,429.16M
2840,PFBC,796.67M
2841,PFBI,208.15M
2842,PFBX,81.20M
2843,PFCB,
2844,PFE,204.02B
2845,PFFB,
2846,PFG,17.86B
2847,PFIN,30.39M
2848,PFS,1.70B
2849,PFSW,139.36M
2850,PFWD,
2851,PG,232.87B
2852,PGC,553.18M
2853,PGI,
2854,PGN,
2855,PGNX,743.94M
2856,PGR,22.37B
2857,PGTI,558.57M
2858,PGV,
2859,PH,20.51B
2860,PHC,
2861,PHH,664.30M
2862,PHHM,
2863,PHII.K,
2864,PHLI,152358.3
2865,PHM,6.80B
2866,PHMD.D,
2867,PHX,341.95M
2868,PICO,317.20M
2869,PII,5.49B
2870,PIKE,
2871,PINN,
2872,PIP,69.40M
2873,PIR,557.50M
2874,PJC,942.41M
2875,PKD,293.35M
2876,PKE,385.05M
2877,PKG,8.90B
2878,PKI,6.16B
2879,PKOH,549.13M
2880,PKT,
2881,PKY,1.08B
2882,PL,
2883,PLA,
2884,PLAB,766.98M
2885,PLBC,95.47M
2886,PLCE,1.81B
2887,PLCM,
2888,PLCS.F,
2889,PLD,26.57B
2890,PLFE,
2891,PLL,
2892,PLNR,
2893,PLPC,271.56M
2894,PLT,1.76B
2895,PLUG,200.30M
2896,PLUS,862.34M
2897,PLXS,1.93B
2898,PLXT,
2899,PM,160.82B
2900,PMAC.A,
2901,PMBC,177.13M
2902,PMC,809.54M
2903,PMCS,
2904,PMD,110.29M
2905,PMFG,
2906,PMI,
2907,PMT,1.13B
2908,PMTC,
2909,PMTI,
2910,PNBC,7091.7
2911,PNBK,57.41M
2912,PNC,61.53B
2913,PNCL,
2914,PNFP,3.21B
2915,PNK,913.33M
2916,PNM,2.80B
2917,PNNW,
2918,PNR,10.57B
2919,PNRA,5.28B
2920,PNRG,135.29M
2921,PNS,
2922,PNSN,
2923,PNW,8.76B
2924,PNX,
2925,PNY,
2926,PODD,2.60B
2927,POL,2.81B
2928,POM,
2929,PONE,
2930,POOL,4.81B
2931,POPE,304.03M
2932,POR,3.82B
2933,POSC,285500
2934,POWI,1.93B
2935,POWL,389.34M
2936,POWR,
2937,POZN,
2938,PPBI,1.12B
2939,PPCO,
2940,PPD,
2941,PPDI,
2942,PPG,26.32B
2943,PPHM,141.43M
2944,PPL,24.22B
2945,PPO,
2946,PPS,
2947,PQ,93.86M
2948,PRA,3.01B
2949,PRAA,1.95B
2950,PRCP,79.82M
2951,PRE,
2952,PRFT,659.45M
2953,PRGO,12.11B
2954,PRGS,1.43B
2955,PRGX,128.64M
2956,PRK,1.65B
2957,PRKR,28.82M
2958,PRLS,
2959,PRM,
2960,PRO,709.86M
2961,PROJ,
2962,PROV,150.13M
2963,PRPL,
2964,PRPX,
2965,PRS,
2966,PRSC,579.21M
2967,PRSP,
2968,PRST,
2969,PRTS,112.28M
2970,PRU,47.86B
2971,PRWT,
2972,PRX,
2973,PRXI,
2974,PRXL,3.37B
2975,PRXM,129273.51
2976,PSA,39.16B
2977,PSB,3.15B
2978,PSBC,22704.2
2979,PSE,
2980,PSEM,
2981,PSID,133181.19
2982,PSMT,2.69B
2983,PSS,
2984,PSSI,
2985,PSUN,
2986,PSYS,
2987,PTC,6.28B
2988,PTEC,
2989,PTEK,
2990,PTEN,4.02B
2991,PTIE,27.46M
2992,PTIX,41.54M
2993,PTN,53.37M
2994,PTP,
2995,PTRY,
2996,PTSI,123.29M
2997,PTSX,3.95M
2998,PTV,
2999,PULB,
3000,PURE,55.42M
3001,PVA,
3002,PVFC,
3003,PVG,2.03B
3004,PVH,7.16B
3005,PVR,
3006,PVSA,
3007,PVSP,377800.5
3008,PVSW,
3009,PVTB,4.55B
3010,PW,12.36M
3011,PWAV,
3012,PWER,
3013,PWOD,232.44M
3014,PWR,5.63B
3015,PWX,
3016,PX,33.55B
3017,PXD,32.64B
3018,PXG,
3019,PXLW,117.03M
3020,PXP,
3021,PYDS,20.93M
3022,PZN,162.45M
3023,PZZA,3.17B
3024,PZZI,
3025,Q,18.09B
3026,QADI,
3027,QBAK,8.03M
3028,QBC,
3029,QCCO,14.73M
3030,QCOM,83.39B
3031,QCOR,
3032,QCRH,588.46M
3033,QDEL,681.91M
3034,QDHC,
3035,QELP,
3036,QEPC,72.73M
3037,QGLY,
3038,QLGC,
3039,QLTY,
3040,QNGP,
3041,QPSA,
3042,QRCP,
3043,QSFT,
3044,QSII,972.77M
3045,QTM,249.62M
3046,QTWW,
3047,QUIK,113.21M
3048,QUIX,
3049,R,4.13B
3050,RAD,6.21B
3051,RADS,
3052,RAE,
3053,RAH,
3054,RAI,86.60B
3055,RAIL,181.05M
3056,RAME,
3057,RAS,347.51M
3058,RAVN,1.05B
3059,RAX,
3060,RBC,3.34B
3061,RBCA.A,
3062,RBCN,14.76M
3063,RBI,
3064,RBN,
3065,RBNF,
3066,RBPA.A,
3067,RCII,435.82M
3068,RCKB,
3069,RCKY,82.06M
3070,RCL,20.43B
3071,RCMT,72.50M
3072,RCNI,
3073,RCRC,
3074,RDC,2.19B
3075,RDEA,
3076,RDEN,
3077,RDI,377.08M
3078,RDK,
3079,RDN,4.08B
3080,RDNT,288.10M
3081,RE,9.62B
3082,RECN,502.32M
3083,REED,55.63M
3084,REFR,43.28M
3085,REG,7.32B
3086,REGN,39.15B
3087,REIS,238.45M
3088,RELL,79.76M
3089,RELV,10.42M
3090,RENT,
3091,RES,4.47B
3092,REV,1.84B
3093,REVU,
3094,REXI,
3095,REXX,65.92M
3096,RF,18.69B
3097,RFIL,13.25M
3098,RFMD,
3099,RFMI,
3100,RGA,8.30B
3101,RGC,3.34B
3102,RGCI,
3103,RGCO,122.66M
3104,RGDX,
3105,RGEN,1.05B
3106,RGLD,4.57B
3107,RGN,
3108,RGNC,
3109,RGR,942.86M
3110,RGS,582.78M
3111,RHB,
3112,RHI,6.21B
3113,RHIE,
3114,RHT,14.73B
3115,RICK,168.12M
3116,RIGL,236.46M
3117,RIMG,
3118,RISK,
3119,RIV,
3120,RJET,
3121,RJF,11.21B
3122,RKT,
3123,RL,6.44B
3124,RLH,168.49M
3125,RLI,2.61B
3126,RLRN,
3127,RMBS,1.40B
3128,RMCF,66.91M
3129,RMD,10.24B
3130,RMIX,
3131,RMKR,
3132,RMTI,309.16M
3133,RMTR,
3134,RMX,
3135,RNIN,
3136,RNN,59.32M
3137,RNOW,
3138,RNR,5.91B
3139,RNST,1.82B
3140,RNWK,186.32M
3141,ROAC,
3142,ROC,
3143,ROCK,1.28B
3144,ROCM,
3145,RODM,
3146,ROG,1.42B
3147,ROHI,
3148,ROIA.K,
3149,ROK,19.54B
3150,ROL,8.04B
3151,ROLL,2.22B
3152,ROMA,
3153,ROME,
3154,ROP,21.02B
3155,ROSE,
3156,ROST,27.02B
3157,ROVI,
3158,ROX,123.93M
3159,ROYL,13.69M
3160,RPC,
3161,RPFG,6.04
3162,RPM,7.09B
3163,RPRX,31.02M
3164,RPT,1.28B
3165,RPTP,
3166,RRC,7.62B
3167,RRD,1.23B
3168,RRGB,614.56M
3169,RRI,
3170,RRR,2.71B
3171,RS,6.29B
3172,RSC,
3173,RSCR,
3174,RSG,20.62B
3175,RSH,
3176,RSO,263.24M
3177,RSOL,
3178,RST,171.66M
3179,RSTI,
3180,RSYS,147.71M
3181,RT,114.88M
3182,RTEC,672.97M
3183,RTI,
3184,RTIX,205.00M
3185,RTK,63.78M
3186,RTN,44.77B
3187,RTYF.Z,
3188,RUBO,
3189,RUE,
3190,RURL,
3191,RUSH.A,
3192,RUTH,
3193,RVBD,
3194,RVEP,
3195,RVI,
3196,RVP,32.03M
3197,RVSB,168.68M
3198,RWC,75.58M
3199,RWT,1.29B
3200,RX,
3201,RXII,4.62M
3202,RYL,
3203,RYN,3.48B
3204,RZ,
3205,S,37.08B
3206,SAAS,
3207,SABA,
3208,SAFM,2.16B
3209,SAFT,1.11B
3210,SAH,1.07B
3211,SAI,
3212,SAIA,1.22B
3213,SALM,178.18M
3214,SAM,2.11B
3215,SAMB,
3216,SANM,3.01B
3217,SAPE,
3218,SASR,1.03B
3219,SATC,
3220,SATS,5.19B
3221,SAVB,
3222,SBAC,13.46B
3223,SBCF,891.19M
3224,SBGI,3.31B
3225,SBH,3.25B
3226,SBIB,
3227,SBKC,
3228,SBNY,8.55B
3229,SBP,
3230,SBSA,
3231,SBSI,1.02B
3232,SBUX,83.58B
3233,SBX,
3234,SCBT,
3235,SCG,9.38B
3236,SCHL,1.61B
3237,SCHN,729.44M
3238,SCHS,3.22M
3239,SCHW,55.08B
3240,SCI,5.90B
3241,SCIL,12.48M
3242,SCKT,23.93M
3243,SCL,1.75B
3244,SCLD,
3245,SCLN,497.77M
3246,SCMF,
3247,SCMP,505.25M
3248,SCMR,
3249,SCON,4.73M
3250,SCOR,946.80M
3251,SCS,1.89B
3252,SCSC,1.08B
3253,SCSS,996.42M
3254,SCVL,466.45M
3255,SCX,78.00M
3256,SD,407.39M
3257,SDBT,
3258,SDIX,
3259,SDNA,
3260,SDXC,
3261,SE,29.53B
3262,SEAC,87.67M
3263,SEB,4.53B
3264,SEE,9.24B
3265,SEH,
3266,SEIC,8.03B
3267,SEM,1.68B
3268,SENE.A,
3269,SENO,
3270,SEP,13.93B
3271,SF,3.67B
3272,SFD,
3273,SFE,259.05M
3274,SFG,
3275,SFI,
3276,SFL,1.36B
3277,SFLY,1.62B
3278,SFN,
3279,SFNC,1.88B
3280,SFSF,
3281,SFY,
3282,SGA,289.25M
3283,SGC,247.29M
3284,SGEN,9.29B
3285,SGI,
3286,SGK,
3287,SGMA,18.25M
3288,SGMO,282.49M
3289,SGMS,1.80B
3290,SGU,530.93M
3291,SGY,36.25M
3292,SHAW,
3293,SHBI,219.34M
3294,SHEN,1.42B
3295,SHFL,
3296,SHLD,807.03M
3297,SHLM,991.00M
3298,SHLO,261.69M
3299,SHO,3.28B
3300,SHOO,2.20B
3301,SHOR,467.14M
3302,SHS,
3303,SHW,28.67B
3304,SIAL,
3305,SIF,50.06M
3306,SIG,5.14B
3307,SIGA,166.65M
3308,SIGI,2.52B
3309,SIGM,245.84M
3310,SII,
3311,SIMG,
3312,SIRI,23.29B
3313,SIRO,
3314,SIVB,9.65B
3315,SIXF.Q,
3316,SJI,2.62B
3317,SJM,15.83B
3318,SJW,995.18M
3319,SKH,
3320,SKS,
3321,SKT,3.21B
3322,SKX,4.06B
3323,SKY,98.17M
3324,SKYT,
3325,SKYW,1.85B
3326,SLAB,3.02B
3327,SLB,112.22B
3328,SLE,
3329,SLG,11.19B
3330,SLGN,3.50B
3331,SLH,
3332,SLI,
3333,SLM,5.25B
3334,SLP,174.02M
3335,SLRY,
3336,SLTC,
3337,SLTM,
3338,SLXP,
3339,SM,2.34B
3340,SMA,
3341,SMBL,
3342,SMCI,1.31B
3343,SMG,5.62B
3344,SMHG,
3345,SMID,30.25M
3346,SMMF,263.03M
3347,SMMX,
3348,SMOD,
3349,SMP,1.11B
3350,SMRT,170.71M
3351,SMSC,
3352,SMSI,16.27M
3353,SMTB,
3354,SMTC,2.29B
3355,SMTS,
3356,SNA,10.00B
3357,SNAK,121.76M
3358,SNBC,500.49M
3359,SNCR,1.45B
3360,SNDK,
3361,SNFC.A,
3362,SNGX,8.51M
3363,SNH,
3364,SNHY,1.02B
3365,SNI,9.82B
3366,SNIC,
3367,SNMX,52.20M
3368,SNPS,10.61B
3369,SNS,
3370,SNSS,88.73M
3371,SNST.A,
3372,SNT,
3373,SNTA,
3374,SNTS,
3375,SNV,5.18B
3376,SNWL,
3377,SNX,4.72B
3378,SO,46.84B
3379,SOA,
3380,SOFO,21.07M
3381,SOLR,
3382,SOMX,
3383,SON,5.35B
3384,SONA,205.28M
3385,SONC,1.17B
3386,SONE,
3387,SONO,
3388,SONS,295.23M
3389,SPA,234.83M
3390,SPAN,57.44M
3391,SPAR,256.30M
3392,SPCH.A,
3393,SPCH.B,
3394,SPDE,124860
3395,SPEC,
3396,SPEX,6.12M
3397,SPF,
3398,SPG,56.91B
3399,SPH,1.67B
3400,SPHC,
3401,SPIR,128898.01
3402,SPLS,6.06B
3403,SPN,2.49B
3404,SPNC,1.15B
3405,SPPI,468.68M
3406,SPPR,
3407,SPR,7.07B
3408,SPRO,
3409,SPRT,39.98M
3410,SPSN,
3411,SPTN,1.45B
3412,SPW,
3413,SPWR.A,
3414,SQNM,
3415,SR,2.92B
3416,SRCE,1.21B
3417,SRCL,7.27B
3418,SRDX,329.00M
3419,SRE,26.50B
3420,SRI,484.17M
3421,SRSL,
3422,SRT,133.84M
3423,SRX,
3424,SRZ,
3425,SSD,2.10B
3426,SSI,71.72M
3427,SSP,1.74B
3428,SSS,
3429,SSTI,
3430,SSY,15.96M
3431,SSYS,1.12B
3432,STAA,406.09M
3433,STAN,
3434,STBA,1.30B
3435,STBC,
3436,STC,1.05B
3437,STE,5.82B
3438,STEC,
3439,STEI,
3440,STEL,
3441,STEM,
3442,STFC,1.09B
3443,STI,29.29B
3444,STJ,
3445,STKR,7.04M
3446,STL,3.39B
3447,STLD,9.06B
3448,STLY,12.68M
3449,STMP,2.24B
3450,STNR,
3451,STON,379.49M
3452,STR,
3453,STRA,839.19M
3454,STRC,
3455,STRI,3.75M
3456,STRL,238.77M
3457,STRM,26.91M
3458,STRN,
3459,STRS,245.77M
3460,STRT,106.29M
3461,STS,308.97M
3462,STSA,
3463,STST,
3464,STT,30.81B
3465,STU,
3466,STWD,5.45B
3467,STX,13.91B
3468,STXS,14.01M
3469,STXX,
3470,STZ,31.63B
3471,SUBK,
3472,SUF,
3473,SUG,
3474,SUI,5.91B
3475,SUN,3.14B
3476,SUNH,
3477,SUP,585.24M
3478,SUPG,
3479,SUPR,
3480,SUPX,
3481,SUR,
3482,SURG,
3483,SURW,
3484,SUSQ,
3485,SUSS,
3486,SVBI,87.15M
3487,SVLF,
3488,SVNT,1.09B
3489,SVR,
3490,SVT,23.26M
3491,SVU,1.05B
3492,SVVS,
3493,SWC,2.07B
3494,SWHC,
3495,SWI,
3496,SWK,19.32B
3497,SWKS,17.82B
3498,SWM,1.26B
3499,SWN,4.24B
3500,SWS,
3501,SWSI,
3502,SWWC,
3503,SWX,3.95B
3504,SWY,
3505,SXE,184.91M
3506,SXI,1.22B
3507,SXL,8.52B
3508,SXT,3.52B
3509,SY,
3510,SYBT,1.02B
3511,SYK,47.11B
3512,SYKE,1.20B
3513,SYMC,17.82B
3514,SYMD,
3515,SYMM,
3516,SYMS,
3517,SYMX,80.06M
3518,SYNA,2.08B
3519,SYNL,98.77M
3520,SYNM,
3521,SYNO,
3522,SYNT,1.57B
3523,SYPR,17.25M
3524,SYX,294.94M
3525,SYY,28.28B
3526,T,254.65B
3527,TA,285.56M
3528,TACT,52.42M
3529,TAL,6.81B
3530,TAMB,
3531,TAP,21.84B
3532,TASR,1.39B
3533,TAST,587.00M
3534,TAXI,
3535,TAYC,
3536,TAYD,49.61M
3537,TBAC,
3538,TBBK,292.64M
3539,TBHS,
3540,TBI,1.08B
3541,TBIO,16.86M
3542,TBL,
3543,TBSI,
3544,TBUS,
3545,TCB,2.95B
3546,TCBI,4.35B
3547,TCBK,849.39M
3548,TCHC,
3549,TCI,179.28M
3550,TCLP,
3551,TCO,4.08B
3552,TDC,4.04B
3553,TDG,13.20B
3554,TDS,3.51B
3555,TDSC,
3556,TDW,64.95M
3557,TDY,4.81B
3558,TE,
3559,TEAM,6.65B
3560,TEC,
3561,TECD,3.07B
3562,TECH,3.93B
3563,TECU.A,
3564,TEG,
3565,TELK,
3566,TEN,3.57B
3567,TER,5.86B
3568,TESO,389.79M
3569,TESS,115.77M
3570,TEX,3.39B
3571,TFCO,
3572,TFSL,4.83B
3573,TFX,7.93B
3574,TG,736.76M
3575,TGAL,
3576,TGC,3.72M
3577,TGE,
3578,TGEN,78.20M
3579,TGH,982.42M
3580,TGI,1.33B
3581,TGIC,
3582,TGIS,
3583,TGLO,485632.41
3584,TGP,1.48B
3585,TGT,36.95B
3586,TGX,
3587,THC,1.93B
3588,THFF,572.09M
3589,THG,3.84B
3590,THLD,47.17M
3591,THMD,
3592,THO,5.82B
3593,THOR,
3594,THQI,
3595,THRX,
3596,THS,4.73B
3597,TIBB,
3598,TIBX,
3599,TIE,
3600,TIER,863.61M
3601,TIF,10.73B
3602,TIGR,854496
3603,TIII,
3604,TIN,
3605,TIS,303.11M
3606,TISI,1.02B
3607,TITN,291.75M
3608,TIV,
3609,TIVO,2.36B
3610,TIXC,26.02M
3611,TJX,50.32B
3612,TK,871.01M
3613,TKLC,
3614,TKOI,19.20M
3615,TKR,3.45B
3616,TLAB,
3617,TLB,
3618,TLCR,
3619,TLEO,
3620,TLF,72.74M
3621,TLGD,
3622,TLP,700.83M
3623,TLR,
3624,TLX,
3625,TMCV,10040
3626,TMH,
3627,TMK,9.15B
3628,TMNG.D,
3629,TMO,62.60B
3630,TMP,1.35B
3631,TMR,
3632,TMRK,
3633,TNB,
3634,TNC,1.26B
3635,TNDM,75.07M
3636,TNH,1.93B
3637,TNL,
3638,TNS,
3639,TO,
3640,TOD,
3641,TOF,
3642,TOL,5.11B
3643,TOMO,
3644,TONE,
3645,TOO,786.82M
3646,TORM,24.61M
3647,TOWN,2.04B
3648,TPC,1.47B
3649,TPGI,
3650,TPUT,
3651,TPX,2.63B
3652,TQNT,
3653,TR,2.37B
3654,TRA,
3655,TRAC,4.10M
3656,TRAD,
3657,TRAK,
3658,TRBN,
3659,TRBR,
3660,TRC,503.93M
3661,TRCI,
3662,TRCR,
3663,TREE,1.33B
3664,TREX,2.05B
3665,TRGL,
3666,TRGT,
3667,TRH,
3668,TRID,
3669,TRK,893.86M
3670,TRLG,
3671,TRMA,
3672,TRMB,7.82B
3673,TRMK,2.32B
3674,TRMS,
3675,TRN,4.29B
3676,TROW,17.31B
3677,TRR,355.39M
3678,TRS,1.02B
3679,TRST,814.12M
3680,TRT,13.98M
3681,TRV,34.11B
3682,TRW,
3683,TRXI,
3684,TSBK,151.23M
3685,TSCM,
3686,TSCO,9.47B
3687,TSFG,
3688,TSH,
3689,TSN,23.96B
3690,TSO,10.12B
3691,TSON,
3692,TSPT,
3693,TSRA,2.14B
3694,TSRI,10.89M
3695,TSS,10.00B
3696,TSTF,
3697,TSTR,
3698,TSTY,
3699,TSYS,
3700,TTC,6.54B
3701,TTEC,1.39B
3702,TTEK,2.43B
3703,TTES,
3704,TTGT,257.35M
3705,TTI,426.35M
3706,TTMI,1.68B
3707,TTWO,5.40B
3708,TUC,
3709,TUES,175.87M
3710,TUNE,
3711,TUP,2.96B
3712,TUTR,
3713,TVL,
3714,TW,
3715,TWC,
3716,TWER,1.49M
3717,TWGP,
3718,TWI,733.00M
3719,TWIN,224.62M
3720,TWLL,
3721,TWMC,101.12M
3722,TWPG,
3723,TWTC,
3724,TWX,74.48B
3725,TXCC,
3726,TXCO,
3727,TXI,
3728,TXN,76.13B
3729,TXRH,3.40B
3730,TXT,13.21B
3731,TYL,5.65B
3732,TYPE,846.93M
3733,TZOO,128.44M
3734,UA,8.66B
3735,UACL,
3736,UAHC,6.88M
3737,UAM,582.65M
3738,UAUA,
3739,UBA,833.58M
3740,UBCP,62.31M
3741,UBET,
3742,UBFO,132.80M
3743,UBNK,921.79M
3744,UBP,645.83M
3745,UBSH,1.62B
3746,UBSI,3.65B
3747,UCBH,
3748,UCBI,2.06B
3749,UCFC,414.57M
3750,UCTT,399.32M
3751,UDR,9.51B
3752,UDRL,
3753,UDW,
3754,UEC,199.89M
3755,UEIC,1.06B
3756,UFCS,1.05B
3757,UFI,510.15M
3758,UFPI,2.13B
3759,UFPT,175.99M
3760,UFS,2.49B
3761,UG,68.91M
3762,UGI,8.21B
3763,UGNE,
3764,UHAL,7.47B
3765,UHS,11.92B
3766,UHT,863.61M
3767,UIL,
3768,UIS,676.13M
3769,ULBI,84.50M
3770,ULGX,31923
3771,ULTA,17.12B
3772,ULTI,5.77B
3773,ULU,
3774,UMBF,3.92B
3775,UMH,409.97M
3776,UMPQ,4.16B
3777,UNAM,53.07M
3778,UNB,185.81M
3779,UNCA,
3780,UNDT,198.34M
3781,UNF,2.66B
3782,UNFI,2.24B
3783,UNFY,
3784,UNH,149.92B
3785,UNM,11.15B
3786,UNP,89.37B
3787,UNS,
3788,UNT,1.34B
3789,UNTD,
3790,UNTY,178.11M
3791,UPFC,
3792,UPG,
3793,UPI,
3794,UPL,
3795,UPS,92.79B
3796,UQM,24.75M
3797,URBN,3.19B
3798,URI,10.63B
3799,URRE,46.21M
3800,URS,
3801,USAK,75.63M
3802,USAP,115.91M
3803,USAT,167.36M
3804,USB,93.13B
3805,USBI,
3806,USEG,4.62M
3807,USG,4.79B
3808,USHS,
3809,USLM,424.89M
3810,USM,3.75B
3811,USMO,
3812,USNA,1.46B
3813,USPH,927.81M
3814,USTR,
3815,USU,
3816,UTEK,775.08M
3817,UTHR,7.13B
3818,UTI,83.73M
3819,UTIW,
3820,UTK,
3821,UTL,620.59M
3822,UTMD,235.40M
3823,UTR,
3824,UTSI,63.56M
3825,UTX,90.38B
3826,UUU,7.05M
3827,UVE,912.82M
3828,UVSP,768.42M
3829,UVV,1.71B
3830,UWBK,
3831,UWN,37.60M
3832,UXG,
3833,V,203.27B
3834,VAL,8.82B
3835,VALU,173.51M
3836,VAR,7.81B
3837,VARI,
3838,VASC,981.85M
3839,VCBI,
3840,VCGH,
3841,VCI,
3842,VCLK,
3843,VCST,162203.59
3844,VDSI,532.89M
3845,VECO,1.08B
3846,VETS,
3847,VEXP,
3848,VFC,21.77B
3849,VG,1.35B
3850,VGR,2.89B
3851,VGZ,111.48M
3852,VHC,136.05M
3853,VHI,1.15B
3854,VIA.B,
3855,VIAP,102790
3856,VICL,24.97M
3857,VICR,586.71M
3858,VIDE,6.48M
3859,VIFL,
3860,VII,4.32M
3861,VION.Q,
3862,VIRC,63.75M
3863,VIRL,
3864,VIST,
3865,VITA,
3866,VITC,
3867,VIVO,538.08M
3868,VLCM,
3869,VLGE.A,
3870,VLNC,
3871,VLO,29.64B
3872,VLTR,
3873,VLY,3.27B
3874,VMC,15.82B
3875,VMED,
3876,VMI,3.23B
3877,VMW,37.25B
3878,VNBC,
3879,VNDA,659.52M
3880,VNO,20.76B
3881,VOCS,
3882,VOL,
3883,VOLC,
3884,VOXX,105.10M
3885,VPFG,
3886,VPHM,
3887,VPS,
3888,VQ,
3889,VR,4.62B
3890,VRAD,
3891,VRAZ,
3892,VRMQ,
3893,VRNM,
3894,VRS,284.41M
3895,VRSK,14.22B
3896,VRSN,8.48B
3897,VRTB,6.25M
3898,VRTS,652.98M
3899,VRTU,853.77M
3900,VRTX,21.93B
3901,VRUS,
3902,VRX,5.58B
3903,VSAT,3.87B
3904,VSCI,
3905,VSCP,
3906,VSEA,
3907,VSEC,440.77M
3908,VSH,2.36B
3909,VSI,510.80M
3910,VSNT,
3911,VSR,9.89M
3912,VSUQ,
3913,VTAL,
3914,VTIV,
3915,VTR,22.04B
3916,VTRO,
3917,VVC,4.53B
3918,VVI,959.51M
3919,VVTV,
3920,VVUS,114.28M
3921,VZ,200.55B
3922,WAB,7.82B
3923,WABC,1.50B
3924,WAC,134.39M
3925,WAG,
3926,WAIN,
3927,WAL,5.44B
3928,WASH,954.65M
3929,WAT,12.40B
3930,WAVE,
3931,WAVX,
3932,WBC,6.30B
3933,WBCO,
3934,WBMD,1.88B
3935,WBS,5.13B
3936,WBSN,
3937,WCAA,
3938,WCBO,
3939,WCC,3.54B
3940,WCG,6.09B
3941,WCN,14.62B
3942,WDC,21.58B
3943,WDFC,1.56B
3944,WDR,1.54B
3945,WEBM,
3946,WEC,18.16B
3947,WEDC,
3948,WEL,
3949,WEN,3.48B
3950,WERN,2.01B
3951,WES,9.29B
3952,WEST,106996.8
3953,WEX,4.76B
3954,WEYS,294.24M
3955,WFC,291.39B
3956,WFD,
3957,WFMI,
3958,WFR,
3959,WFSL,
3960,WGA,
3961,WGAT,
3962,WGL,4.24B
3963,WGNR,170911
3964,WGO,1.08B
3965,WGOV,
3966,WHG,476.96M
3967,WHI,
3968,WHLM,40.57M
3969,WHR,13.19B
3970,WIBC,
3971,WIN,677.60M
3972,WINA,462.90M
3973,WINN,
3974,WIRE,991.83M
3975,WITM,
3976,WL,
3977,WLB,324.79M
3978,WLDN,232.10M
3979,WLFC,168.97M
3980,WLK,7.95B
3981,WLL,3.12B
3982,WLP,
3983,WLSE,
3984,WLT,
3985,WM,31.86B
3986,WMAR,228.50M
3987,WMB,21.18B
3988,WMCO,
3989,WMG,
3990,WMGI,2.78B
3991,WMK,1.65B
3992,WMS,1.23B
3993,WMT,213.19B
3994,WMZ,
3995,WNC,1.26B
3996,WNEA,
3997,WNI,
3998,WNR,4.02B
3999,WOLF,
4000,WOOF,7.43B
4001,WOR,3.17B
4002,WPC,6.73B
4003,WPCS,4.53M
4004,WPI,
4005,WPO,
4006,WPP,
4007,WPZ,23.85B
4008,WR,7.52B
4009,WRB,8.55B
4010,WRC,
4011,WRE,2.45B
4012,WRES,
4013,WRI,4.58B
4014,WRLD,465.35M
4015,WRLS,
4016,WSBC,1.80B
4017,WSBF,519.21M
4018,WSC,
4019,WSCI,8.58M
4020,WSFS,1.45B
4021,WSM,4.22B
4022,WSO,4.98B
4023,WST,6.08B
4024,WSTG,78.78M
4025,WSTL,47.92M
4026,WTBA,372.76M
4027,WTFC,3.91B
4028,WTI,380.64M
4029,WTM,4.16B
4030,WTNY,
4031,WTR,5.36B
4032,WTS,2.13B
4033,WTSL.A,
4034,WTT,32.20M
4035,WTW,804.83M
4036,WU,9.54B
4037,WVVI,39.51M
4038,WWE,1.69B
4039,WWON,
4040,WWVY,
4041,WWW,2.34B
4042,WWWW,
4043,WXCO,
4044,WXS,
4045,WY,25.09B
4046,WYN,9.14B
4047,WYNN,9.74B
4048,WYY,61.22M
4049,WZE,
4050,X,6.88B
4051,XATA,
4052,XCO,180.01M
4053,XCR,
4054,XEC,12.56B
4055,XEL,21.33B
4056,XETA,
4057,XIDE,
4058,XJT,
4059,XL,11.00B
4060,XLNX,14.95B
4061,XNN,
4062,XNPT,
4063,XOM,339.14B
4064,XOMA,31.81M
4065,XPL,31.38M
4066,XPO,5.45B
4067,XPRT,
4068,XRAY,14.46B
4069,XRIT,
4070,XRM,85.46M
4071,XRX,7.55B
4072,XTEX,
4073,XTO,
4074,XTXI,
4075,XXIA,1.60B
4076,Y,9.82B
4077,YAVY,
4078,YDNT,
4079,YHOO,43.23B
4080,YORW,447.51M
4081,YRCW,427.66M
4082,YSI,
4083,YUM,24.28B
4084,ZANE,
4085,ZBB,
4086,ZBRA,4.54B
4087,ZEP,
4088,ZEUS,276.16M
4089,ZGEN,
4090,ZHNE,
4091,ZIGO,
4092,ZILG,
4093,ZINC,
4094,ZION,9.07B
4095,ZIOP,895.20M
4096,ZIPR,
4097,ZIXI,269.88M
4098,ZLC,
4099,ZMH,
4100,ZN,53.43M
4101,ZNT,
4102,ZOLL,
4103,ZOLT,
4104,ZOOM,30080
4105,ZQK,
4106,ZRAN,
4107,ZTHO,
4108,ZUMZ,504.16M
4109,ZZ,
